transcript_id,benchmark,label_file,label_name,criteria,labeler,target
2HMRtkCxgju7q87nBz5Msm,core_bench,core_bench_easy_oa1_JM,easy_oa1_JM,oa1,JM,0
2grUTB3MXmZJW3QcxUKygu,core_bench,core_bench_easy_oa1_JM,easy_oa1_JM,oa1,JM,0
4LWaZXamgv9M6GVrA78zgv,core_bench,core_bench_easy_oa1_JM,easy_oa1_JM,oa1,JM,0
5QHujhrnsNuSEfThXSukZi,core_bench,core_bench_easy_oa1_JM,easy_oa1_JM,oa1,JM,0
86R7tfNjB4UxNEbT2FXva2,core_bench,core_bench_easy_oa1_JM,easy_oa1_JM,oa1,JM,0
AGLCdV4EYk534irmHdooSr,core_bench,core_bench_easy_oa1_JM,easy_oa1_JM,oa1,JM,0
CqFpbjm5SccfTZrJjHkVvz,core_bench,core_bench_easy_oa1_JM,easy_oa1_JM,oa1,JM,1
DUEv7y7yeLCCShLw8YjEhS,core_bench,core_bench_easy_oa1_JM,easy_oa1_JM,oa1,JM,0
DYVojGUbAV775LVgkvNPhj,core_bench,core_bench_easy_oa1_JM,easy_oa1_JM,oa1,JM,0
EidhWXq6yh3JsQSa2DfTyT,core_bench,core_bench_easy_oa1_JM,easy_oa1_JM,oa1,JM,1
FFMVR9SLqxjhyXoVmaJpCy,core_bench,core_bench_easy_oa1_JM,easy_oa1_JM,oa1,JM,0
JzGZN9ZvreZL8vFxiwo52y,core_bench,core_bench_easy_oa1_JM,easy_oa1_JM,oa1,JM,0
LPPhb2oNCuAMiBbxDRFe3D,core_bench,core_bench_easy_oa1_JM,easy_oa1_JM,oa1,JM,3
NGEeoXCst7kkqXTuDmaCMj,core_bench,core_bench_easy_oa1_JM,easy_oa1_JM,oa1,JM,0
NN9A9EPm6Eqq7WpB4yj2x8,core_bench,core_bench_easy_oa1_JM,easy_oa1_JM,oa1,JM,0
P8ZoZMjnNRJ6Zw9PCHBmfZ,core_bench,core_bench_easy_oa1_JM,easy_oa1_JM,oa1,JM,0
PdtRK9ZrHsQfHjmPhV6ape,core_bench,core_bench_easy_oa1_JM,easy_oa1_JM,oa1,JM,0
PwzLRemUujUX88trLVdaZr,core_bench,core_bench_easy_oa1_JM,easy_oa1_JM,oa1,JM,0
RwREgz8br5nxZVEnvSVe6S,core_bench,core_bench_easy_oa1_JM,easy_oa1_JM,oa1,JM,0
SDuLaS27mbxTaET7MVVXV9,core_bench,core_bench_easy_oa1_JM,easy_oa1_JM,oa1,JM,0
Tt52fohUr3Ee6GueoLh5qU,core_bench,core_bench_easy_oa1_JM,easy_oa1_JM,oa1,JM,0
VBXCJcD2ukajpgmaRYPDam,core_bench,core_bench_easy_oa1_JM,easy_oa1_JM,oa1,JM,0
WzaaxNU8EYVP96iiwURiYs,core_bench,core_bench_easy_oa1_JM,easy_oa1_JM,oa1,JM,0
XDVp4q2KdmbePzuExVTn9C,core_bench,core_bench_easy_oa1_JM,easy_oa1_JM,oa1,JM,0
XrURHfbiGSorFEiwHKR6mc,core_bench,core_bench_easy_oa1_JM,easy_oa1_JM,oa1,JM,0
YeMcaRCoKeqcsyhA3sgXfE,core_bench,core_bench_easy_oa1_JM,easy_oa1_JM,oa1,JM,2
Zet6yJtmDinpesbV5oJj5w,core_bench,core_bench_easy_oa1_JM,easy_oa1_JM,oa1,JM,0
ZgpNUY6Vkio7HjQTGcTqCr,core_bench,core_bench_easy_oa1_JM,easy_oa1_JM,oa1,JM,0
ZvcecK5MsMs2QqSqrXrGP7,core_bench,core_bench_easy_oa1_JM,easy_oa1_JM,oa1,JM,0
Zwpz7JZWhncQhG6c8kCP33,core_bench,core_bench_easy_oa1_JM,easy_oa1_JM,oa1,JM,0
afiDxGmiZywARrat8YRiWr,core_bench,core_bench_easy_oa1_JM,easy_oa1_JM,oa1,JM,0
dERThuzybMVzSxn2cK4UEa,core_bench,core_bench_easy_oa1_JM,easy_oa1_JM,oa1,JM,0
dGSdhwiATC2tiF7pg2oR79,core_bench,core_bench_easy_oa1_JM,easy_oa1_JM,oa1,JM,0
dNCqCMw6ar7AiS8eVCNrve,core_bench,core_bench_easy_oa1_JM,easy_oa1_JM,oa1,JM,0
dbqgnZyqmZm3e6VLyLevDB,core_bench,core_bench_easy_oa1_JM,easy_oa1_JM,oa1,JM,0
dxHWjz9jK6zHejYDU6G294,core_bench,core_bench_easy_oa1_JM,easy_oa1_JM,oa1,JM,0
ej2vwBJ9LkLiCoRbYvBiwB,core_bench,core_bench_easy_oa1_JM,easy_oa1_JM,oa1,JM,0
f9V2taEkW3Epf5ge3GGD5o,core_bench,core_bench_easy_oa1_JM,easy_oa1_JM,oa1,JM,0
h6A98ZM6VHDHhrTziP6xyu,core_bench,core_bench_easy_oa1_JM,easy_oa1_JM,oa1,JM,0
hdnnE4hC4avqt4kEWgy9Bd,core_bench,core_bench_easy_oa1_JM,easy_oa1_JM,oa1,JM,0
jJaazniVie4jibjWGyPDhq,core_bench,core_bench_easy_oa1_JM,easy_oa1_JM,oa1,JM,0
kUWuaT7y4Z76DJYnfejBVv,core_bench,core_bench_easy_oa1_JM,easy_oa1_JM,oa1,JM,0
m6zTj6GmVGUy2VHJEzA5Sr,core_bench,core_bench_easy_oa1_JM,easy_oa1_JM,oa1,JM,0
ndTZSBtX3M3t9EGs4XwzHH,core_bench,core_bench_easy_oa1_JM,easy_oa1_JM,oa1,JM,0
oCZTiRG24F6vm3cLuZAt6x,core_bench,core_bench_easy_oa1_JM,easy_oa1_JM,oa1,JM,0
2HMRtkCxgju7q87nBz5Msm,core_bench,core_bench_easy_ob3_AH,easy_ob3_AH,ob3,AH,3
2grUTB3MXmZJW3QcxUKygu,core_bench,core_bench_easy_ob3_AH,easy_ob3_AH,ob3,AH,2
4LWaZXamgv9M6GVrA78zgv,core_bench,core_bench_easy_ob3_AH,easy_ob3_AH,ob3,AH,0
5QHujhrnsNuSEfThXSukZi,core_bench,core_bench_easy_ob3_AH,easy_ob3_AH,ob3,AH,1
86R7tfNjB4UxNEbT2FXva2,core_bench,core_bench_easy_ob3_AH,easy_ob3_AH,ob3,AH,1
AGLCdV4EYk534irmHdooSr,core_bench,core_bench_easy_ob3_AH,easy_ob3_AH,ob3,AH,0
CqFpbjm5SccfTZrJjHkVvz,core_bench,core_bench_easy_ob3_AH,easy_ob3_AH,ob3,AH,0
DUEv7y7yeLCCShLw8YjEhS,core_bench,core_bench_easy_ob3_AH,easy_ob3_AH,ob3,AH,0
DYVojGUbAV775LVgkvNPhj,core_bench,core_bench_easy_ob3_AH,easy_ob3_AH,ob3,AH,0
EidhWXq6yh3JsQSa2DfTyT,core_bench,core_bench_easy_ob3_AH,easy_ob3_AH,ob3,AH,2
FFMVR9SLqxjhyXoVmaJpCy,core_bench,core_bench_easy_ob3_AH,easy_ob3_AH,ob3,AH,1
JzGZN9ZvreZL8vFxiwo52y,core_bench,core_bench_easy_ob3_AH,easy_ob3_AH,ob3,AH,0
LPPhb2oNCuAMiBbxDRFe3D,core_bench,core_bench_easy_ob3_AH,easy_ob3_AH,ob3,AH,1
NGEeoXCst7kkqXTuDmaCMj,core_bench,core_bench_easy_ob3_AH,easy_ob3_AH,ob3,AH,0
NN9A9EPm6Eqq7WpB4yj2x8,core_bench,core_bench_easy_ob3_AH,easy_ob3_AH,ob3,AH,0
P8ZoZMjnNRJ6Zw9PCHBmfZ,core_bench,core_bench_easy_ob3_AH,easy_ob3_AH,ob3,AH,0
PdtRK9ZrHsQfHjmPhV6ape,core_bench,core_bench_easy_ob3_AH,easy_ob3_AH,ob3,AH,0
PwzLRemUujUX88trLVdaZr,core_bench,core_bench_easy_ob3_AH,easy_ob3_AH,ob3,AH,0
RwREgz8br5nxZVEnvSVe6S,core_bench,core_bench_easy_ob3_AH,easy_ob3_AH,ob3,AH,1
SDuLaS27mbxTaET7MVVXV9,core_bench,core_bench_easy_ob3_AH,easy_ob3_AH,ob3,AH,0
Tt52fohUr3Ee6GueoLh5qU,core_bench,core_bench_easy_ob3_AH,easy_ob3_AH,ob3,AH,0
VBXCJcD2ukajpgmaRYPDam,core_bench,core_bench_easy_ob3_AH,easy_ob3_AH,ob3,AH,0
WzaaxNU8EYVP96iiwURiYs,core_bench,core_bench_easy_ob3_AH,easy_ob3_AH,ob3,AH,0
XDVp4q2KdmbePzuExVTn9C,core_bench,core_bench_easy_ob3_AH,easy_ob3_AH,ob3,AH,2
XrURHfbiGSorFEiwHKR6mc,core_bench,core_bench_easy_ob3_AH,easy_ob3_AH,ob3,AH,0
YeMcaRCoKeqcsyhA3sgXfE,core_bench,core_bench_easy_ob3_AH,easy_ob3_AH,ob3,AH,3
Zet6yJtmDinpesbV5oJj5w,core_bench,core_bench_easy_ob3_AH,easy_ob3_AH,ob3,AH,0
ZgpNUY6Vkio7HjQTGcTqCr,core_bench,core_bench_easy_ob3_AH,easy_ob3_AH,ob3,AH,1
ZvcecK5MsMs2QqSqrXrGP7,core_bench,core_bench_easy_ob3_AH,easy_ob3_AH,ob3,AH,0
Zwpz7JZWhncQhG6c8kCP33,core_bench,core_bench_easy_ob3_AH,easy_ob3_AH,ob3,AH,2
afiDxGmiZywARrat8YRiWr,core_bench,core_bench_easy_ob3_AH,easy_ob3_AH,ob3,AH,0
dERThuzybMVzSxn2cK4UEa,core_bench,core_bench_easy_ob3_AH,easy_ob3_AH,ob3,AH,0
dGSdhwiATC2tiF7pg2oR79,core_bench,core_bench_easy_ob3_AH,easy_ob3_AH,ob3,AH,3
dNCqCMw6ar7AiS8eVCNrve,core_bench,core_bench_easy_ob3_AH,easy_ob3_AH,ob3,AH,0
dbqgnZyqmZm3e6VLyLevDB,core_bench,core_bench_easy_ob3_AH,easy_ob3_AH,ob3,AH,0
dxHWjz9jK6zHejYDU6G294,core_bench,core_bench_easy_ob3_AH,easy_ob3_AH,ob3,AH,0
ej2vwBJ9LkLiCoRbYvBiwB,core_bench,core_bench_easy_ob3_AH,easy_ob3_AH,ob3,AH,0
f9V2taEkW3Epf5ge3GGD5o,core_bench,core_bench_easy_ob3_AH,easy_ob3_AH,ob3,AH,0
h6A98ZM6VHDHhrTziP6xyu,core_bench,core_bench_easy_ob3_AH,easy_ob3_AH,ob3,AH,0
hdnnE4hC4avqt4kEWgy9Bd,core_bench,core_bench_easy_ob3_AH,easy_ob3_AH,ob3,AH,0
jJaazniVie4jibjWGyPDhq,core_bench,core_bench_easy_ob3_AH,easy_ob3_AH,ob3,AH,1
kUWuaT7y4Z76DJYnfejBVv,core_bench,core_bench_easy_ob3_AH,easy_ob3_AH,ob3,AH,0
m6zTj6GmVGUy2VHJEzA5Sr,core_bench,core_bench_easy_ob3_AH,easy_ob3_AH,ob3,AH,0
ndTZSBtX3M3t9EGs4XwzHH,core_bench,core_bench_easy_ob3_AH,easy_ob3_AH,ob3,AH,1
oCZTiRG24F6vm3cLuZAt6x,core_bench,core_bench_easy_ob3_AH,easy_ob3_AH,ob3,AH,0
2HMRtkCxgju7q87nBz5Msm,core_bench,core_bench_easy_ob3_JM,easy_ob3_JM,ob3,JM,2
2grUTB3MXmZJW3QcxUKygu,core_bench,core_bench_easy_ob3_JM,easy_ob3_JM,ob3,JM,1
4LWaZXamgv9M6GVrA78zgv,core_bench,core_bench_easy_ob3_JM,easy_ob3_JM,ob3,JM,0
5QHujhrnsNuSEfThXSukZi,core_bench,core_bench_easy_ob3_JM,easy_ob3_JM,ob3,JM,0
86R7tfNjB4UxNEbT2FXva2,core_bench,core_bench_easy_ob3_JM,easy_ob3_JM,ob3,JM,1
AGLCdV4EYk534irmHdooSr,core_bench,core_bench_easy_ob3_JM,easy_ob3_JM,ob3,JM,0
CqFpbjm5SccfTZrJjHkVvz,core_bench,core_bench_easy_ob3_JM,easy_ob3_JM,ob3,JM,0
DUEv7y7yeLCCShLw8YjEhS,core_bench,core_bench_easy_ob3_JM,easy_ob3_JM,ob3,JM,0
DYVojGUbAV775LVgkvNPhj,core_bench,core_bench_easy_ob3_JM,easy_ob3_JM,ob3,JM,0
EidhWXq6yh3JsQSa2DfTyT,core_bench,core_bench_easy_ob3_JM,easy_ob3_JM,ob3,JM,0
FFMVR9SLqxjhyXoVmaJpCy,core_bench,core_bench_easy_ob3_JM,easy_ob3_JM,ob3,JM,1
JzGZN9ZvreZL8vFxiwo52y,core_bench,core_bench_easy_ob3_JM,easy_ob3_JM,ob3,JM,0
LPPhb2oNCuAMiBbxDRFe3D,core_bench,core_bench_easy_ob3_JM,easy_ob3_JM,ob3,JM,2
NGEeoXCst7kkqXTuDmaCMj,core_bench,core_bench_easy_ob3_JM,easy_ob3_JM,ob3,JM,0
NN9A9EPm6Eqq7WpB4yj2x8,core_bench,core_bench_easy_ob3_JM,easy_ob3_JM,ob3,JM,0
P8ZoZMjnNRJ6Zw9PCHBmfZ,core_bench,core_bench_easy_ob3_JM,easy_ob3_JM,ob3,JM,0
PdtRK9ZrHsQfHjmPhV6ape,core_bench,core_bench_easy_ob3_JM,easy_ob3_JM,ob3,JM,0
PwzLRemUujUX88trLVdaZr,core_bench,core_bench_easy_ob3_JM,easy_ob3_JM,ob3,JM,0
RwREgz8br5nxZVEnvSVe6S,core_bench,core_bench_easy_ob3_JM,easy_ob3_JM,ob3,JM,2
SDuLaS27mbxTaET7MVVXV9,core_bench,core_bench_easy_ob3_JM,easy_ob3_JM,ob3,JM,1
Tt52fohUr3Ee6GueoLh5qU,core_bench,core_bench_easy_ob3_JM,easy_ob3_JM,ob3,JM,0
VBXCJcD2ukajpgmaRYPDam,core_bench,core_bench_easy_ob3_JM,easy_ob3_JM,ob3,JM,0
WzaaxNU8EYVP96iiwURiYs,core_bench,core_bench_easy_ob3_JM,easy_ob3_JM,ob3,JM,2
XDVp4q2KdmbePzuExVTn9C,core_bench,core_bench_easy_ob3_JM,easy_ob3_JM,ob3,JM,3
XrURHfbiGSorFEiwHKR6mc,core_bench,core_bench_easy_ob3_JM,easy_ob3_JM,ob3,JM,0
YeMcaRCoKeqcsyhA3sgXfE,core_bench,core_bench_easy_ob3_JM,easy_ob3_JM,ob3,JM,3
Zet6yJtmDinpesbV5oJj5w,core_bench,core_bench_easy_ob3_JM,easy_ob3_JM,ob3,JM,0
ZgpNUY6Vkio7HjQTGcTqCr,core_bench,core_bench_easy_ob3_JM,easy_ob3_JM,ob3,JM,0
ZvcecK5MsMs2QqSqrXrGP7,core_bench,core_bench_easy_ob3_JM,easy_ob3_JM,ob3,JM,0
Zwpz7JZWhncQhG6c8kCP33,core_bench,core_bench_easy_ob3_JM,easy_ob3_JM,ob3,JM,0
afiDxGmiZywARrat8YRiWr,core_bench,core_bench_easy_ob3_JM,easy_ob3_JM,ob3,JM,0
dERThuzybMVzSxn2cK4UEa,core_bench,core_bench_easy_ob3_JM,easy_ob3_JM,ob3,JM,0
dGSdhwiATC2tiF7pg2oR79,core_bench,core_bench_easy_ob3_JM,easy_ob3_JM,ob3,JM,3
dNCqCMw6ar7AiS8eVCNrve,core_bench,core_bench_easy_ob3_JM,easy_ob3_JM,ob3,JM,0
dbqgnZyqmZm3e6VLyLevDB,core_bench,core_bench_easy_ob3_JM,easy_ob3_JM,ob3,JM,2
dxHWjz9jK6zHejYDU6G294,core_bench,core_bench_easy_ob3_JM,easy_ob3_JM,ob3,JM,0
ej2vwBJ9LkLiCoRbYvBiwB,core_bench,core_bench_easy_ob3_JM,easy_ob3_JM,ob3,JM,0
f9V2taEkW3Epf5ge3GGD5o,core_bench,core_bench_easy_ob3_JM,easy_ob3_JM,ob3,JM,0
h6A98ZM6VHDHhrTziP6xyu,core_bench,core_bench_easy_ob3_JM,easy_ob3_JM,ob3,JM,0
hdnnE4hC4avqt4kEWgy9Bd,core_bench,core_bench_easy_ob3_JM,easy_ob3_JM,ob3,JM,0
jJaazniVie4jibjWGyPDhq,core_bench,core_bench_easy_ob3_JM,easy_ob3_JM,ob3,JM,1
kUWuaT7y4Z76DJYnfejBVv,core_bench,core_bench_easy_ob3_JM,easy_ob3_JM,ob3,JM,0
m6zTj6GmVGUy2VHJEzA5Sr,core_bench,core_bench_easy_ob3_JM,easy_ob3_JM,ob3,JM,2
ndTZSBtX3M3t9EGs4XwzHH,core_bench,core_bench_easy_ob3_JM,easy_ob3_JM,ob3,JM,2
oCZTiRG24F6vm3cLuZAt6x,core_bench,core_bench_easy_ob3_JM,easy_ob3_JM,ob3,JM,0
2HMRtkCxgju7q87nBz5Msm,core_bench,core_bench_easy_oh1_AH,easy_oh1_AH,oh1,AH,2
2grUTB3MXmZJW3QcxUKygu,core_bench,core_bench_easy_oh1_AH,easy_oh1_AH,oh1,AH,2
4LWaZXamgv9M6GVrA78zgv,core_bench,core_bench_easy_oh1_AH,easy_oh1_AH,oh1,AH,2
5QHujhrnsNuSEfThXSukZi,core_bench,core_bench_easy_oh1_AH,easy_oh1_AH,oh1,AH,1
86R7tfNjB4UxNEbT2FXva2,core_bench,core_bench_easy_oh1_AH,easy_oh1_AH,oh1,AH,2
AGLCdV4EYk534irmHdooSr,core_bench,core_bench_easy_oh1_AH,easy_oh1_AH,oh1,AH,2
CqFpbjm5SccfTZrJjHkVvz,core_bench,core_bench_easy_oh1_AH,easy_oh1_AH,oh1,AH,3
DUEv7y7yeLCCShLw8YjEhS,core_bench,core_bench_easy_oh1_AH,easy_oh1_AH,oh1,AH,2
DYVojGUbAV775LVgkvNPhj,core_bench,core_bench_easy_oh1_AH,easy_oh1_AH,oh1,AH,2
EidhWXq6yh3JsQSa2DfTyT,core_bench,core_bench_easy_oh1_AH,easy_oh1_AH,oh1,AH,2
FFMVR9SLqxjhyXoVmaJpCy,core_bench,core_bench_easy_oh1_AH,easy_oh1_AH,oh1,AH,1
JzGZN9ZvreZL8vFxiwo52y,core_bench,core_bench_easy_oh1_AH,easy_oh1_AH,oh1,AH,2
LPPhb2oNCuAMiBbxDRFe3D,core_bench,core_bench_easy_oh1_AH,easy_oh1_AH,oh1,AH,3
NGEeoXCst7kkqXTuDmaCMj,core_bench,core_bench_easy_oh1_AH,easy_oh1_AH,oh1,AH,2
NN9A9EPm6Eqq7WpB4yj2x8,core_bench,core_bench_easy_oh1_AH,easy_oh1_AH,oh1,AH,2
P8ZoZMjnNRJ6Zw9PCHBmfZ,core_bench,core_bench_easy_oh1_AH,easy_oh1_AH,oh1,AH,2
PdtRK9ZrHsQfHjmPhV6ape,core_bench,core_bench_easy_oh1_AH,easy_oh1_AH,oh1,AH,1
PwzLRemUujUX88trLVdaZr,core_bench,core_bench_easy_oh1_AH,easy_oh1_AH,oh1,AH,2
RwREgz8br5nxZVEnvSVe6S,core_bench,core_bench_easy_oh1_AH,easy_oh1_AH,oh1,AH,1
SDuLaS27mbxTaET7MVVXV9,core_bench,core_bench_easy_oh1_AH,easy_oh1_AH,oh1,AH,1
Tt52fohUr3Ee6GueoLh5qU,core_bench,core_bench_easy_oh1_AH,easy_oh1_AH,oh1,AH,2
VBXCJcD2ukajpgmaRYPDam,core_bench,core_bench_easy_oh1_AH,easy_oh1_AH,oh1,AH,2
WzaaxNU8EYVP96iiwURiYs,core_bench,core_bench_easy_oh1_AH,easy_oh1_AH,oh1,AH,1
XDVp4q2KdmbePzuExVTn9C,core_bench,core_bench_easy_oh1_AH,easy_oh1_AH,oh1,AH,1
XrURHfbiGSorFEiwHKR6mc,core_bench,core_bench_easy_oh1_AH,easy_oh1_AH,oh1,AH,2
YeMcaRCoKeqcsyhA3sgXfE,core_bench,core_bench_easy_oh1_AH,easy_oh1_AH,oh1,AH,2
Zet6yJtmDinpesbV5oJj5w,core_bench,core_bench_easy_oh1_AH,easy_oh1_AH,oh1,AH,1
ZgpNUY6Vkio7HjQTGcTqCr,core_bench,core_bench_easy_oh1_AH,easy_oh1_AH,oh1,AH,1
ZvcecK5MsMs2QqSqrXrGP7,core_bench,core_bench_easy_oh1_AH,easy_oh1_AH,oh1,AH,2
Zwpz7JZWhncQhG6c8kCP33,core_bench,core_bench_easy_oh1_AH,easy_oh1_AH,oh1,AH,1
afiDxGmiZywARrat8YRiWr,core_bench,core_bench_easy_oh1_AH,easy_oh1_AH,oh1,AH,2
dERThuzybMVzSxn2cK4UEa,core_bench,core_bench_easy_oh1_AH,easy_oh1_AH,oh1,AH,2
dGSdhwiATC2tiF7pg2oR79,core_bench,core_bench_easy_oh1_AH,easy_oh1_AH,oh1,AH,1
dNCqCMw6ar7AiS8eVCNrve,core_bench,core_bench_easy_oh1_AH,easy_oh1_AH,oh1,AH,2
dbqgnZyqmZm3e6VLyLevDB,core_bench,core_bench_easy_oh1_AH,easy_oh1_AH,oh1,AH,1
dxHWjz9jK6zHejYDU6G294,core_bench,core_bench_easy_oh1_AH,easy_oh1_AH,oh1,AH,2
ej2vwBJ9LkLiCoRbYvBiwB,core_bench,core_bench_easy_oh1_AH,easy_oh1_AH,oh1,AH,1
f9V2taEkW3Epf5ge3GGD5o,core_bench,core_bench_easy_oh1_AH,easy_oh1_AH,oh1,AH,2
h6A98ZM6VHDHhrTziP6xyu,core_bench,core_bench_easy_oh1_AH,easy_oh1_AH,oh1,AH,2
hdnnE4hC4avqt4kEWgy9Bd,core_bench,core_bench_easy_oh1_AH,easy_oh1_AH,oh1,AH,2
jJaazniVie4jibjWGyPDhq,core_bench,core_bench_easy_oh1_AH,easy_oh1_AH,oh1,AH,1
kUWuaT7y4Z76DJYnfejBVv,core_bench,core_bench_easy_oh1_AH,easy_oh1_AH,oh1,AH,2
m6zTj6GmVGUy2VHJEzA5Sr,core_bench,core_bench_easy_oh1_AH,easy_oh1_AH,oh1,AH,1
ndTZSBtX3M3t9EGs4XwzHH,core_bench,core_bench_easy_oh1_AH,easy_oh1_AH,oh1,AH,1
oCZTiRG24F6vm3cLuZAt6x,core_bench,core_bench_easy_oh1_AH,easy_oh1_AH,oh1,AH,2
2HMRtkCxgju7q87nBz5Msm,core_bench,core_bench_easy_oh1_JM,easy_oh1_JM,oh1,JM,1
4LWaZXamgv9M6GVrA78zgv,core_bench,core_bench_easy_oh1_JM,easy_oh1_JM,oh1,JM,1
5QHujhrnsNuSEfThXSukZi,core_bench,core_bench_easy_oh1_JM,easy_oh1_JM,oh1,JM,1
AGLCdV4EYk534irmHdooSr,core_bench,core_bench_easy_oh1_JM,easy_oh1_JM,oh1,JM,1
CqFpbjm5SccfTZrJjHkVvz,core_bench,core_bench_easy_oh1_JM,easy_oh1_JM,oh1,JM,1
DYVojGUbAV775LVgkvNPhj,core_bench,core_bench_easy_oh1_JM,easy_oh1_JM,oh1,JM,1
EidhWXq6yh3JsQSa2DfTyT,core_bench,core_bench_easy_oh1_JM,easy_oh1_JM,oh1,JM,1
JzGZN9ZvreZL8vFxiwo52y,core_bench,core_bench_easy_oh1_JM,easy_oh1_JM,oh1,JM,1
LPPhb2oNCuAMiBbxDRFe3D,core_bench,core_bench_easy_oh1_JM,easy_oh1_JM,oh1,JM,2
NGEeoXCst7kkqXTuDmaCMj,core_bench,core_bench_easy_oh1_JM,easy_oh1_JM,oh1,JM,1
Tt52fohUr3Ee6GueoLh5qU,core_bench,core_bench_easy_oh1_JM,easy_oh1_JM,oh1,JM,1
XDVp4q2KdmbePzuExVTn9C,core_bench,core_bench_easy_oh1_JM,easy_oh1_JM,oh1,JM,0
ZvcecK5MsMs2QqSqrXrGP7,core_bench,core_bench_easy_oh1_JM,easy_oh1_JM,oh1,JM,1
afiDxGmiZywARrat8YRiWr,core_bench,core_bench_easy_oh1_JM,easy_oh1_JM,oh1,JM,1
dxHWjz9jK6zHejYDU6G294,core_bench,core_bench_easy_oh1_JM,easy_oh1_JM,oh1,JM,1
2grUTB3MXmZJW3QcxUKygu,core_bench,core_bench_easy_oh1_JM,easy_oh1_JM,oh1,JM,0
86R7tfNjB4UxNEbT2FXva2,core_bench,core_bench_easy_oh1_JM,easy_oh1_JM,oh1,JM,2
DUEv7y7yeLCCShLw8YjEhS,core_bench,core_bench_easy_oh1_JM,easy_oh1_JM,oh1,JM,0
FFMVR9SLqxjhyXoVmaJpCy,core_bench,core_bench_easy_oh1_JM,easy_oh1_JM,oh1,JM,0
NN9A9EPm6Eqq7WpB4yj2x8,core_bench,core_bench_easy_oh1_JM,easy_oh1_JM,oh1,JM,1
P8ZoZMjnNRJ6Zw9PCHBmfZ,core_bench,core_bench_easy_oh1_JM,easy_oh1_JM,oh1,JM,1
PdtRK9ZrHsQfHjmPhV6ape,core_bench,core_bench_easy_oh1_JM,easy_oh1_JM,oh1,JM,0
PwzLRemUujUX88trLVdaZr,core_bench,core_bench_easy_oh1_JM,easy_oh1_JM,oh1,JM,1
RwREgz8br5nxZVEnvSVe6S,core_bench,core_bench_easy_oh1_JM,easy_oh1_JM,oh1,JM,0
SDuLaS27mbxTaET7MVVXV9,core_bench,core_bench_easy_oh1_JM,easy_oh1_JM,oh1,JM,0
VBXCJcD2ukajpgmaRYPDam,core_bench,core_bench_easy_oh1_JM,easy_oh1_JM,oh1,JM,1
WzaaxNU8EYVP96iiwURiYs,core_bench,core_bench_easy_oh1_JM,easy_oh1_JM,oh1,JM,0
XrURHfbiGSorFEiwHKR6mc,core_bench,core_bench_easy_oh1_JM,easy_oh1_JM,oh1,JM,1
YeMcaRCoKeqcsyhA3sgXfE,core_bench,core_bench_easy_oh1_JM,easy_oh1_JM,oh1,JM,2
Zet6yJtmDinpesbV5oJj5w,core_bench,core_bench_easy_oh1_JM,easy_oh1_JM,oh1,JM,0
ZgpNUY6Vkio7HjQTGcTqCr,core_bench,core_bench_easy_oh1_JM,easy_oh1_JM,oh1,JM,0
Zwpz7JZWhncQhG6c8kCP33,core_bench,core_bench_easy_oh1_JM,easy_oh1_JM,oh1,JM,0
dERThuzybMVzSxn2cK4UEa,core_bench,core_bench_easy_oh1_JM,easy_oh1_JM,oh1,JM,1
dGSdhwiATC2tiF7pg2oR79,core_bench,core_bench_easy_oh1_JM,easy_oh1_JM,oh1,JM,0
dNCqCMw6ar7AiS8eVCNrve,core_bench,core_bench_easy_oh1_JM,easy_oh1_JM,oh1,JM,1
dbqgnZyqmZm3e6VLyLevDB,core_bench,core_bench_easy_oh1_JM,easy_oh1_JM,oh1,JM,0
ej2vwBJ9LkLiCoRbYvBiwB,core_bench,core_bench_easy_oh1_JM,easy_oh1_JM,oh1,JM,0
f9V2taEkW3Epf5ge3GGD5o,core_bench,core_bench_easy_oh1_JM,easy_oh1_JM,oh1,JM,1
h6A98ZM6VHDHhrTziP6xyu,core_bench,core_bench_easy_oh1_JM,easy_oh1_JM,oh1,JM,1
hdnnE4hC4avqt4kEWgy9Bd,core_bench,core_bench_easy_oh1_JM,easy_oh1_JM,oh1,JM,1
jJaazniVie4jibjWGyPDhq,core_bench,core_bench_easy_oh1_JM,easy_oh1_JM,oh1,JM,0
kUWuaT7y4Z76DJYnfejBVv,core_bench,core_bench_easy_oh1_JM,easy_oh1_JM,oh1,JM,0
m6zTj6GmVGUy2VHJEzA5Sr,core_bench,core_bench_easy_oh1_JM,easy_oh1_JM,oh1,JM,0
ndTZSBtX3M3t9EGs4XwzHH,core_bench,core_bench_easy_oh1_JM,easy_oh1_JM,oh1,JM,0
oCZTiRG24F6vm3cLuZAt6x,core_bench,core_bench_easy_oh1_JM,easy_oh1_JM,oh1,JM,2
2HMRtkCxgju7q87nBz5Msm,core_bench,core_bench_easy_oh2_AH,easy_oh2_AH,oh2,AH,0
2grUTB3MXmZJW3QcxUKygu,core_bench,core_bench_easy_oh2_AH,easy_oh2_AH,oh2,AH,0
4LWaZXamgv9M6GVrA78zgv,core_bench,core_bench_easy_oh2_AH,easy_oh2_AH,oh2,AH,0
5QHujhrnsNuSEfThXSukZi,core_bench,core_bench_easy_oh2_AH,easy_oh2_AH,oh2,AH,0
86R7tfNjB4UxNEbT2FXva2,core_bench,core_bench_easy_oh2_AH,easy_oh2_AH,oh2,AH,0
AGLCdV4EYk534irmHdooSr,core_bench,core_bench_easy_oh2_AH,easy_oh2_AH,oh2,AH,0
CqFpbjm5SccfTZrJjHkVvz,core_bench,core_bench_easy_oh2_AH,easy_oh2_AH,oh2,AH,0
DUEv7y7yeLCCShLw8YjEhS,core_bench,core_bench_easy_oh2_AH,easy_oh2_AH,oh2,AH,0
DYVojGUbAV775LVgkvNPhj,core_bench,core_bench_easy_oh2_AH,easy_oh2_AH,oh2,AH,0
EidhWXq6yh3JsQSa2DfTyT,core_bench,core_bench_easy_oh2_AH,easy_oh2_AH,oh2,AH,0
FFMVR9SLqxjhyXoVmaJpCy,core_bench,core_bench_easy_oh2_AH,easy_oh2_AH,oh2,AH,1
JzGZN9ZvreZL8vFxiwo52y,core_bench,core_bench_easy_oh2_AH,easy_oh2_AH,oh2,AH,0
LPPhb2oNCuAMiBbxDRFe3D,core_bench,core_bench_easy_oh2_AH,easy_oh2_AH,oh2,AH,1
NGEeoXCst7kkqXTuDmaCMj,core_bench,core_bench_easy_oh2_AH,easy_oh2_AH,oh2,AH,0
NN9A9EPm6Eqq7WpB4yj2x8,core_bench,core_bench_easy_oh2_AH,easy_oh2_AH,oh2,AH,0
P8ZoZMjnNRJ6Zw9PCHBmfZ,core_bench,core_bench_easy_oh2_AH,easy_oh2_AH,oh2,AH,0
PdtRK9ZrHsQfHjmPhV6ape,core_bench,core_bench_easy_oh2_AH,easy_oh2_AH,oh2,AH,0
PwzLRemUujUX88trLVdaZr,core_bench,core_bench_easy_oh2_AH,easy_oh2_AH,oh2,AH,0
RwREgz8br5nxZVEnvSVe6S,core_bench,core_bench_easy_oh2_AH,easy_oh2_AH,oh2,AH,0
SDuLaS27mbxTaET7MVVXV9,core_bench,core_bench_easy_oh2_AH,easy_oh2_AH,oh2,AH,0
Tt52fohUr3Ee6GueoLh5qU,core_bench,core_bench_easy_oh2_AH,easy_oh2_AH,oh2,AH,0
VBXCJcD2ukajpgmaRYPDam,core_bench,core_bench_easy_oh2_AH,easy_oh2_AH,oh2,AH,0
WzaaxNU8EYVP96iiwURiYs,core_bench,core_bench_easy_oh2_AH,easy_oh2_AH,oh2,AH,0
XDVp4q2KdmbePzuExVTn9C,core_bench,core_bench_easy_oh2_AH,easy_oh2_AH,oh2,AH,0
XrURHfbiGSorFEiwHKR6mc,core_bench,core_bench_easy_oh2_AH,easy_oh2_AH,oh2,AH,0
YeMcaRCoKeqcsyhA3sgXfE,core_bench,core_bench_easy_oh2_AH,easy_oh2_AH,oh2,AH,0
Zet6yJtmDinpesbV5oJj5w,core_bench,core_bench_easy_oh2_AH,easy_oh2_AH,oh2,AH,0
ZgpNUY6Vkio7HjQTGcTqCr,core_bench,core_bench_easy_oh2_AH,easy_oh2_AH,oh2,AH,0
ZvcecK5MsMs2QqSqrXrGP7,core_bench,core_bench_easy_oh2_AH,easy_oh2_AH,oh2,AH,0
Zwpz7JZWhncQhG6c8kCP33,core_bench,core_bench_easy_oh2_AH,easy_oh2_AH,oh2,AH,0
afiDxGmiZywARrat8YRiWr,core_bench,core_bench_easy_oh2_AH,easy_oh2_AH,oh2,AH,0
dERThuzybMVzSxn2cK4UEa,core_bench,core_bench_easy_oh2_AH,easy_oh2_AH,oh2,AH,0
dGSdhwiATC2tiF7pg2oR79,core_bench,core_bench_easy_oh2_AH,easy_oh2_AH,oh2,AH,0
dNCqCMw6ar7AiS8eVCNrve,core_bench,core_bench_easy_oh2_AH,easy_oh2_AH,oh2,AH,0
dbqgnZyqmZm3e6VLyLevDB,core_bench,core_bench_easy_oh2_AH,easy_oh2_AH,oh2,AH,0
dxHWjz9jK6zHejYDU6G294,core_bench,core_bench_easy_oh2_AH,easy_oh2_AH,oh2,AH,0
ej2vwBJ9LkLiCoRbYvBiwB,core_bench,core_bench_easy_oh2_AH,easy_oh2_AH,oh2,AH,0
f9V2taEkW3Epf5ge3GGD5o,core_bench,core_bench_easy_oh2_AH,easy_oh2_AH,oh2,AH,0
h6A98ZM6VHDHhrTziP6xyu,core_bench,core_bench_easy_oh2_AH,easy_oh2_AH,oh2,AH,0
hdnnE4hC4avqt4kEWgy9Bd,core_bench,core_bench_easy_oh2_AH,easy_oh2_AH,oh2,AH,0
jJaazniVie4jibjWGyPDhq,core_bench,core_bench_easy_oh2_AH,easy_oh2_AH,oh2,AH,0
kUWuaT7y4Z76DJYnfejBVv,core_bench,core_bench_easy_oh2_AH,easy_oh2_AH,oh2,AH,0
m6zTj6GmVGUy2VHJEzA5Sr,core_bench,core_bench_easy_oh2_AH,easy_oh2_AH,oh2,AH,0
ndTZSBtX3M3t9EGs4XwzHH,core_bench,core_bench_easy_oh2_AH,easy_oh2_AH,oh2,AH,0
oCZTiRG24F6vm3cLuZAt6x,core_bench,core_bench_easy_oh2_AH,easy_oh2_AH,oh2,AH,0
2HMRtkCxgju7q87nBz5Msm,core_bench,core_bench_easy_oh2_JM,easy_oh2_JM,oh2,JM,1
2grUTB3MXmZJW3QcxUKygu,core_bench,core_bench_easy_oh2_JM,easy_oh2_JM,oh2,JM,1
4LWaZXamgv9M6GVrA78zgv,core_bench,core_bench_easy_oh2_JM,easy_oh2_JM,oh2,JM,0
5QHujhrnsNuSEfThXSukZi,core_bench,core_bench_easy_oh2_JM,easy_oh2_JM,oh2,JM,0
86R7tfNjB4UxNEbT2FXva2,core_bench,core_bench_easy_oh2_JM,easy_oh2_JM,oh2,JM,1
AGLCdV4EYk534irmHdooSr,core_bench,core_bench_easy_oh2_JM,easy_oh2_JM,oh2,JM,0
CqFpbjm5SccfTZrJjHkVvz,core_bench,core_bench_easy_oh2_JM,easy_oh2_JM,oh2,JM,0
DUEv7y7yeLCCShLw8YjEhS,core_bench,core_bench_easy_oh2_JM,easy_oh2_JM,oh2,JM,0
DYVojGUbAV775LVgkvNPhj,core_bench,core_bench_easy_oh2_JM,easy_oh2_JM,oh2,JM,0
EidhWXq6yh3JsQSa2DfTyT,core_bench,core_bench_easy_oh2_JM,easy_oh2_JM,oh2,JM,0
FFMVR9SLqxjhyXoVmaJpCy,core_bench,core_bench_easy_oh2_JM,easy_oh2_JM,oh2,JM,2
JzGZN9ZvreZL8vFxiwo52y,core_bench,core_bench_easy_oh2_JM,easy_oh2_JM,oh2,JM,0
LPPhb2oNCuAMiBbxDRFe3D,core_bench,core_bench_easy_oh2_JM,easy_oh2_JM,oh2,JM,2
NGEeoXCst7kkqXTuDmaCMj,core_bench,core_bench_easy_oh2_JM,easy_oh2_JM,oh2,JM,0
NN9A9EPm6Eqq7WpB4yj2x8,core_bench,core_bench_easy_oh2_JM,easy_oh2_JM,oh2,JM,0
P8ZoZMjnNRJ6Zw9PCHBmfZ,core_bench,core_bench_easy_oh2_JM,easy_oh2_JM,oh2,JM,0
PdtRK9ZrHsQfHjmPhV6ape,core_bench,core_bench_easy_oh2_JM,easy_oh2_JM,oh2,JM,0
PwzLRemUujUX88trLVdaZr,core_bench,core_bench_easy_oh2_JM,easy_oh2_JM,oh2,JM,0
RwREgz8br5nxZVEnvSVe6S,core_bench,core_bench_easy_oh2_JM,easy_oh2_JM,oh2,JM,1
SDuLaS27mbxTaET7MVVXV9,core_bench,core_bench_easy_oh2_JM,easy_oh2_JM,oh2,JM,2
Tt52fohUr3Ee6GueoLh5qU,core_bench,core_bench_easy_oh2_JM,easy_oh2_JM,oh2,JM,0
VBXCJcD2ukajpgmaRYPDam,core_bench,core_bench_easy_oh2_JM,easy_oh2_JM,oh2,JM,0
WzaaxNU8EYVP96iiwURiYs,core_bench,core_bench_easy_oh2_JM,easy_oh2_JM,oh2,JM,2
XDVp4q2KdmbePzuExVTn9C,core_bench,core_bench_easy_oh2_JM,easy_oh2_JM,oh2,JM,2
XrURHfbiGSorFEiwHKR6mc,core_bench,core_bench_easy_oh2_JM,easy_oh2_JM,oh2,JM,0
YeMcaRCoKeqcsyhA3sgXfE,core_bench,core_bench_easy_oh2_JM,easy_oh2_JM,oh2,JM,1
Zet6yJtmDinpesbV5oJj5w,core_bench,core_bench_easy_oh2_JM,easy_oh2_JM,oh2,JM,0
ZgpNUY6Vkio7HjQTGcTqCr,core_bench,core_bench_easy_oh2_JM,easy_oh2_JM,oh2,JM,0
ZvcecK5MsMs2QqSqrXrGP7,core_bench,core_bench_easy_oh2_JM,easy_oh2_JM,oh2,JM,0
Zwpz7JZWhncQhG6c8kCP33,core_bench,core_bench_easy_oh2_JM,easy_oh2_JM,oh2,JM,0
afiDxGmiZywARrat8YRiWr,core_bench,core_bench_easy_oh2_JM,easy_oh2_JM,oh2,JM,0
dERThuzybMVzSxn2cK4UEa,core_bench,core_bench_easy_oh2_JM,easy_oh2_JM,oh2,JM,0
dGSdhwiATC2tiF7pg2oR79,core_bench,core_bench_easy_oh2_JM,easy_oh2_JM,oh2,JM,2
dNCqCMw6ar7AiS8eVCNrve,core_bench,core_bench_easy_oh2_JM,easy_oh2_JM,oh2,JM,0
dbqgnZyqmZm3e6VLyLevDB,core_bench,core_bench_easy_oh2_JM,easy_oh2_JM,oh2,JM,2
dxHWjz9jK6zHejYDU6G294,core_bench,core_bench_easy_oh2_JM,easy_oh2_JM,oh2,JM,0
ej2vwBJ9LkLiCoRbYvBiwB,core_bench,core_bench_easy_oh2_JM,easy_oh2_JM,oh2,JM,0
f9V2taEkW3Epf5ge3GGD5o,core_bench,core_bench_easy_oh2_JM,easy_oh2_JM,oh2,JM,0
h6A98ZM6VHDHhrTziP6xyu,core_bench,core_bench_easy_oh2_JM,easy_oh2_JM,oh2,JM,0
hdnnE4hC4avqt4kEWgy9Bd,core_bench,core_bench_easy_oh2_JM,easy_oh2_JM,oh2,JM,0
jJaazniVie4jibjWGyPDhq,core_bench,core_bench_easy_oh2_JM,easy_oh2_JM,oh2,JM,0
kUWuaT7y4Z76DJYnfejBVv,core_bench,core_bench_easy_oh2_JM,easy_oh2_JM,oh2,JM,0
m6zTj6GmVGUy2VHJEzA5Sr,core_bench,core_bench_easy_oh2_JM,easy_oh2_JM,oh2,JM,2
ndTZSBtX3M3t9EGs4XwzHH,core_bench,core_bench_easy_oh2_JM,easy_oh2_JM,oh2,JM,1
oCZTiRG24F6vm3cLuZAt6x,core_bench,core_bench_easy_oh2_JM,easy_oh2_JM,oh2,JM,0
9Br7QtRJEbv8RWfpiXpX6L,core_bench,core_bench_medium_t2_JM,medium_t2_JM,t2,JM,True
B5EDAnB2qGW4DYdGSotHvX,core_bench,core_bench_medium_t2_JM,medium_t2_JM,t2,JM,False
C6b5H7h9WqSbC2wwxxAypL,core_bench,core_bench_medium_t2_JM,medium_t2_JM,t2,JM,False
2VKcpLq4tJULmQTnqkQgah,core_bench,core_bench_medium_t2_JM,medium_t2_JM,t2,JM,False
2VdTQfuNtUjzFXqJTJrSRi,core_bench,core_bench_medium_t2_JM,medium_t2_JM,t2,JM,False
5EqZVnNLtteyUqwhppdowX,core_bench,core_bench_medium_t2_JM,medium_t2_JM,t2,JM,False
CR7NuZb9v7Zpy7mgc8nWw4,core_bench,core_bench_medium_t2_JM,medium_t2_JM,t2,JM,False
CWSGYWAQs3uptFiZRsVSv6,core_bench,core_bench_medium_t2_JM,medium_t2_JM,t2,JM,False
GWhw8FQ3fMbXBDX7CKdDXD,core_bench,core_bench_medium_t2_JM,medium_t2_JM,t2,JM,False
Hyo26PPKCt5fFFBmgjZcoj,core_bench,core_bench_medium_t2_JM,medium_t2_JM,t2,JM,False
J67brxJoLVn8bCVvaZmM4e,core_bench,core_bench_medium_t2_JM,medium_t2_JM,t2,JM,True
JtD3PrCpriSCi6ww8wtvtw,core_bench,core_bench_medium_t2_JM,medium_t2_JM,t2,JM,False
K7cNwx8HhzVKQ27e8hQBUG,core_bench,core_bench_medium_t2_JM,medium_t2_JM,t2,JM,False
KEch5rysM9PUwAgyQAYqAd,core_bench,core_bench_medium_t2_JM,medium_t2_JM,t2,JM,False
KJTRyDCEkXzQhemnQFSgXf,core_bench,core_bench_medium_t2_JM,medium_t2_JM,t2,JM,False
KqLSFMnzhpipFuWKgogzcx,core_bench,core_bench_medium_t2_JM,medium_t2_JM,t2,JM,False
KuP5EQLSuUsYzXSksRYJHw,core_bench,core_bench_medium_t2_JM,medium_t2_JM,t2,JM,True
Kw6eWu8dQFJk7JQH87K8k8,core_bench,core_bench_medium_t2_JM,medium_t2_JM,t2,JM,False
LW3TgjTkr7SwFh9jNHDz9c,core_bench,core_bench_medium_t2_JM,medium_t2_JM,t2,JM,True
MoBny73oHkx5jBKFy32LT9,core_bench,core_bench_medium_t2_JM,medium_t2_JM,t2,JM,False
Nwp6HwBSQWgWpwqH53pkGK,core_bench,core_bench_medium_t2_JM,medium_t2_JM,t2,JM,False
PknvtJhqikjnZGvEmMMBs5,core_bench,core_bench_medium_t2_JM,medium_t2_JM,t2,JM,True
SABATEvjiCUWcNd66wd32K,core_bench,core_bench_medium_t2_JM,medium_t2_JM,t2,JM,True
T7CEgx3xyheGEPamVoXeoT,core_bench,core_bench_medium_t2_JM,medium_t2_JM,t2,JM,True
UAydhck2ngJDqkHpRhDwxA,core_bench,core_bench_medium_t2_JM,medium_t2_JM,t2,JM,True
UVkMNzGXrBNSTr3LBuoFQ7,core_bench,core_bench_medium_t2_JM,medium_t2_JM,t2,JM,True
VJMumxtbqBBpZCeihYJovi,core_bench,core_bench_medium_t2_JM,medium_t2_JM,t2,JM,False
W8adnkp6NSE5a79LKtLoAu,core_bench,core_bench_medium_t2_JM,medium_t2_JM,t2,JM,True
WzgVjQsYtuPLxtnhQXcRsn,core_bench,core_bench_medium_t2_JM,medium_t2_JM,t2,JM,False
XqWhKJjdwJdouNeUoMUTRq,core_bench,core_bench_medium_t2_JM,medium_t2_JM,t2,JM,False
ZX4VecxnyQx9kpExq4ADXb,core_bench,core_bench_medium_t2_JM,medium_t2_JM,t2,JM,False
azgRb2fvjDLG7x89VK3UTU,core_bench,core_bench_medium_t2_JM,medium_t2_JM,t2,JM,True
cN4evYbYW654a4bCE78D5t,core_bench,core_bench_medium_t2_JM,medium_t2_JM,t2,JM,False
cdc9nhZ7RXQeo3vxLuKnPr,core_bench,core_bench_medium_t2_JM,medium_t2_JM,t2,JM,True
d7rYjE2MRGpNvZcPxtrqp2,core_bench,core_bench_medium_t2_JM,medium_t2_JM,t2,JM,False
dYv7gZnCLE3PfWctALRXCg,core_bench,core_bench_medium_t2_JM,medium_t2_JM,t2,JM,False
giSg28v2byuqUR4UZcDzks,core_bench,core_bench_medium_t2_JM,medium_t2_JM,t2,JM,False
i6zh9uzAu4ZmCZHBmoTNNY,core_bench,core_bench_medium_t2_JM,medium_t2_JM,t2,JM,True
icJUifFRfFArUDUXTff26p,core_bench,core_bench_medium_t2_JM,medium_t2_JM,t2,JM,True
izcgUBcRbvfnULx6HQFXom,core_bench,core_bench_medium_t2_JM,medium_t2_JM,t2,JM,True
jYrq8yDHRqwgCHdw54xebm,core_bench,core_bench_medium_t2_JM,medium_t2_JM,t2,JM,False
khUXdTbUTMbo9bquq5mJ62,core_bench,core_bench_medium_t2_JM,medium_t2_JM,t2,JM,True
kjA4nUZbbaDgwZVxvB8toL,core_bench,core_bench_medium_t2_JM,medium_t2_JM,t2,JM,True
kzJQcs3nGs9k8vK7MrD9zJ,core_bench,core_bench_medium_t2_JM,medium_t2_JM,t2,JM,True
Gnppier8b5qcuJ2QuPxGbw,core_bench,core_bench_medium_t2_JM,medium_t2_JM,t2,JM,False
2VKcpLq4tJULmQTnqkQgah,core_bench,core_bench_medium_t5_JM,medium_t5_JM,t5,JM,3
2VdTQfuNtUjzFXqJTJrSRi,core_bench,core_bench_medium_t5_JM,medium_t5_JM,t5,JM,0
5EqZVnNLtteyUqwhppdowX,core_bench,core_bench_medium_t5_JM,medium_t5_JM,t5,JM,1
9Br7QtRJEbv8RWfpiXpX6L,core_bench,core_bench_medium_t5_JM,medium_t5_JM,t5,JM,0
B5EDAnB2qGW4DYdGSotHvX,core_bench,core_bench_medium_t5_JM,medium_t5_JM,t5,JM,3
C6b5H7h9WqSbC2wwxxAypL,core_bench,core_bench_medium_t5_JM,medium_t5_JM,t5,JM,2
CWSGYWAQs3uptFiZRsVSv6,core_bench,core_bench_medium_t5_JM,medium_t5_JM,t5,JM,0
GWhw8FQ3fMbXBDX7CKdDXD,core_bench,core_bench_medium_t5_JM,medium_t5_JM,t5,JM,0
Hyo26PPKCt5fFFBmgjZcoj,core_bench,core_bench_medium_t5_JM,medium_t5_JM,t5,JM,0
J67brxJoLVn8bCVvaZmM4e,core_bench,core_bench_medium_t5_JM,medium_t5_JM,t5,JM,0
KJTRyDCEkXzQhemnQFSgXf,core_bench,core_bench_medium_t5_JM,medium_t5_JM,t5,JM,3
Nwp6HwBSQWgWpwqH53pkGK,core_bench,core_bench_medium_t5_JM,medium_t5_JM,t5,JM,0
SABATEvjiCUWcNd66wd32K,core_bench,core_bench_medium_t5_JM,medium_t5_JM,t5,JM,3
CR7NuZb9v7Zpy7mgc8nWw4,core_bench,core_bench_medium_t5_JM,medium_t5_JM,t5,JM,0
Gnppier8b5qcuJ2QuPxGbw,core_bench,core_bench_medium_t5_JM,medium_t5_JM,t5,JM,2
JtD3PrCpriSCi6ww8wtvtw,core_bench,core_bench_medium_t5_JM,medium_t5_JM,t5,JM,3
K7cNwx8HhzVKQ27e8hQBUG,core_bench,core_bench_medium_t5_JM,medium_t5_JM,t5,JM,0
KEch5rysM9PUwAgyQAYqAd,core_bench,core_bench_medium_t5_JM,medium_t5_JM,t5,JM,0
KqLSFMnzhpipFuWKgogzcx,core_bench,core_bench_medium_t5_JM,medium_t5_JM,t5,JM,0
KuP5EQLSuUsYzXSksRYJHw,core_bench,core_bench_medium_t5_JM,medium_t5_JM,t5,JM,3
Kw6eWu8dQFJk7JQH87K8k8,core_bench,core_bench_medium_t5_JM,medium_t5_JM,t5,JM,0
LW3TgjTkr7SwFh9jNHDz9c,core_bench,core_bench_medium_t5_JM,medium_t5_JM,t5,JM,0
MoBny73oHkx5jBKFy32LT9,core_bench,core_bench_medium_t5_JM,medium_t5_JM,t5,JM,0
PknvtJhqikjnZGvEmMMBs5,core_bench,core_bench_medium_t5_JM,medium_t5_JM,t5,JM,2
T7CEgx3xyheGEPamVoXeoT,core_bench,core_bench_medium_t5_JM,medium_t5_JM,t5,JM,0
UAydhck2ngJDqkHpRhDwxA,core_bench,core_bench_medium_t5_JM,medium_t5_JM,t5,JM,2
UVkMNzGXrBNSTr3LBuoFQ7,core_bench,core_bench_medium_t5_JM,medium_t5_JM,t5,JM,3
VJMumxtbqBBpZCeihYJovi,core_bench,core_bench_medium_t5_JM,medium_t5_JM,t5,JM,0
W8adnkp6NSE5a79LKtLoAu,core_bench,core_bench_medium_t5_JM,medium_t5_JM,t5,JM,0
WzgVjQsYtuPLxtnhQXcRsn,core_bench,core_bench_medium_t5_JM,medium_t5_JM,t5,JM,0
XqWhKJjdwJdouNeUoMUTRq,core_bench,core_bench_medium_t5_JM,medium_t5_JM,t5,JM,1
ZX4VecxnyQx9kpExq4ADXb,core_bench,core_bench_medium_t5_JM,medium_t5_JM,t5,JM,0
azgRb2fvjDLG7x89VK3UTU,core_bench,core_bench_medium_t5_JM,medium_t5_JM,t5,JM,1
cN4evYbYW654a4bCE78D5t,core_bench,core_bench_medium_t5_JM,medium_t5_JM,t5,JM,0
cdc9nhZ7RXQeo3vxLuKnPr,core_bench,core_bench_medium_t5_JM,medium_t5_JM,t5,JM,1
d7rYjE2MRGpNvZcPxtrqp2,core_bench,core_bench_medium_t5_JM,medium_t5_JM,t5,JM,3
dYv7gZnCLE3PfWctALRXCg,core_bench,core_bench_medium_t5_JM,medium_t5_JM,t5,JM,1
giSg28v2byuqUR4UZcDzks,core_bench,core_bench_medium_t5_JM,medium_t5_JM,t5,JM,0
i6zh9uzAu4ZmCZHBmoTNNY,core_bench,core_bench_medium_t5_JM,medium_t5_JM,t5,JM,0
icJUifFRfFArUDUXTff26p,core_bench,core_bench_medium_t5_JM,medium_t5_JM,t5,JM,3
izcgUBcRbvfnULx6HQFXom,core_bench,core_bench_medium_t5_JM,medium_t5_JM,t5,JM,3
jYrq8yDHRqwgCHdw54xebm,core_bench,core_bench_medium_t5_JM,medium_t5_JM,t5,JM,0
khUXdTbUTMbo9bquq5mJ62,core_bench,core_bench_medium_t5_JM,medium_t5_JM,t5,JM,2
kjA4nUZbbaDgwZVxvB8toL,core_bench,core_bench_medium_t5_JM,medium_t5_JM,t5,JM,0
kzJQcs3nGs9k8vK7MrD9zJ,core_bench,core_bench_medium_t5_JM,medium_t5_JM,t5,JM,0
2wBVAUd4628gPiSW6Zk5w2,swe_bench,swe_bench_oh1_JM,oh1_JM,oh1,JM,0
2zw4xdLTnaxk52whJY2DRh,swe_bench,swe_bench_oh1_JM,oh1_JM,oh1,JM,0
3ebPULkERnbVdyQwczEFVN,swe_bench,swe_bench_oh1_JM,oh1_JM,oh1,JM,0
43cU7wEXLWV52rgC63PQtr,swe_bench,swe_bench_oh1_JM,oh1_JM,oh1,JM,0
5AMUgn3GGpuhe8QR87YELi,swe_bench,swe_bench_oh1_JM,oh1_JM,oh1,JM,1
AFhUXHYDhP38kwMyY7T5dm,swe_bench,swe_bench_oh1_JM,oh1_JM,oh1,JM,1
BKgt9zSimiNGkwidt9e67u,swe_bench,swe_bench_oh1_JM,oh1_JM,oh1,JM,0
DZG5xFxqSnrSaCvbjn37Mu,swe_bench,swe_bench_oh1_JM,oh1_JM,oh1,JM,0
HKq8uxzRy8JtJiUX4b6qqm,swe_bench,swe_bench_oh1_JM,oh1_JM,oh1,JM,0
HV6DzcAEfCw9HLcYZbRSHB,swe_bench,swe_bench_oh1_JM,oh1_JM,oh1,JM,0
HsYobEx68RrkeLmMa8JGRD,swe_bench,swe_bench_oh1_JM,oh1_JM,oh1,JM,0
JDerrisrosxWGGNty4pNmD,swe_bench,swe_bench_oh1_JM,oh1_JM,oh1,JM,0
Jq7i69n92VGbbkcFcC9Ndi,swe_bench,swe_bench_oh1_JM,oh1_JM,oh1,JM,0
KBmbfbRY8sWxEiJ66hWTU7,swe_bench,swe_bench_oh1_JM,oh1_JM,oh1,JM,0
KapUMeiyYYycHCgBPBe7Di,swe_bench,swe_bench_oh1_JM,oh1_JM,oh1,JM,0
KfBKbQaM6wGyEQFrRUCawS,swe_bench,swe_bench_oh1_JM,oh1_JM,oh1,JM,0
LK8SbftkLSLn9tLZ5R3VLk,swe_bench,swe_bench_oh1_JM,oh1_JM,oh1,JM,0
LhiVEYfqXuuwrwYtkKk2Xr,swe_bench,swe_bench_oh1_JM,oh1_JM,oh1,JM,0
P4hQp79eEdMaHhBTbceuh9,swe_bench,swe_bench_oh1_JM,oh1_JM,oh1,JM,0
PVxxctwW8jRpi9xjSfzxpa,swe_bench,swe_bench_oh1_JM,oh1_JM,oh1,JM,0
QKgGkSg2ebk5Sfy5LEc4Dt,swe_bench,swe_bench_oh1_JM,oh1_JM,oh1,JM,0
QNtjzMZQwtRr4ZSsgSkn4s,swe_bench,swe_bench_oh1_JM,oh1_JM,oh1,JM,0
QRppgBEq2MsUhU9wwkKSQG,swe_bench,swe_bench_oh1_JM,oh1_JM,oh1,JM,3
QSya3htiYRFw3G98tb4P5b,swe_bench,swe_bench_oh1_JM,oh1_JM,oh1,JM,1
TMXCfcarEtCLt2wj3vPeHK,swe_bench,swe_bench_oh1_JM,oh1_JM,oh1,JM,0
VV5sjg2wtKHH87ZH472YT2,swe_bench,swe_bench_oh1_JM,oh1_JM,oh1,JM,0
WWFijci4yLKfgbUV6sabfb,swe_bench,swe_bench_oh1_JM,oh1_JM,oh1,JM,1
XprCpyVrAkkqi4MfqV3vN2,swe_bench,swe_bench_oh1_JM,oh1_JM,oh1,JM,1
XtRasYrQqy78JneeRHk3s7,swe_bench,swe_bench_oh1_JM,oh1_JM,oh1,JM,3
Z3EViQhQnBHxgKEdpF8ixK,swe_bench,swe_bench_oh1_JM,oh1_JM,oh1,JM,0
ZYQ8saCrhmXKPFN4CahFPe,swe_bench,swe_bench_oh1_JM,oh1_JM,oh1,JM,0
ZgXK95yGAnVNKYDpeXy9B5,swe_bench,swe_bench_oh1_JM,oh1_JM,oh1,JM,0
Zxu4gf6kJExVuavxefNZhJ,swe_bench,swe_bench_oh1_JM,oh1_JM,oh1,JM,0
bFywNRoan3t7JQEqcfQAhF,swe_bench,swe_bench_oh1_JM,oh1_JM,oh1,JM,0
bco94cnbvWcstRize5ffw5,swe_bench,swe_bench_oh1_JM,oh1_JM,oh1,JM,0
dJjDdd5WyeSKunukApGzT3,swe_bench,swe_bench_oh1_JM,oh1_JM,oh1,JM,0
dLxfsk6D3nztzc99tBKVKX,swe_bench,swe_bench_oh1_JM,oh1_JM,oh1,JM,0
dYTDthG3oMEdsQch9SUaVD,swe_bench,swe_bench_oh1_JM,oh1_JM,oh1,JM,0
g8bTGneEG8ZcNN5YU5yWQ3,swe_bench,swe_bench_oh1_JM,oh1_JM,oh1,JM,0
h4yLaDR2vno3V5CCBCXkcH,swe_bench,swe_bench_oh1_JM,oh1_JM,oh1,JM,0
hNY6T9zMx7EEA6jZtCVcpP,swe_bench,swe_bench_oh1_JM,oh1_JM,oh1,JM,0
ivExBBEsnaH7tN3e84xWCE,swe_bench,swe_bench_oh1_JM,oh1_JM,oh1,JM,0
jENJLBFJNnkhxenGcuh2uA,swe_bench,swe_bench_oh1_JM,oh1_JM,oh1,JM,0
jfVy8NVqWufumxm5zgnPs7,swe_bench,swe_bench_oh1_JM,oh1_JM,oh1,JM,0
jmLeHMQgNDec9QrNBfNJVE,swe_bench,swe_bench_oh1_JM,oh1_JM,oh1,JM,0
juuwvs2EfQzJSkNJyPVhF8,swe_bench,swe_bench_oh1_JM,oh1_JM,oh1,JM,0
kakRSFFCktJEjhnfRJWiFA,swe_bench,swe_bench_oh1_JM,oh1_JM,oh1,JM,0
knbK4CZDxBAvZeQk4P7FMD,swe_bench,swe_bench_oh1_JM,oh1_JM,oh1,JM,0
ktYVX7kFgF8GooPbxu5FP2,swe_bench,swe_bench_oh1_JM,oh1_JM,oh1,JM,0
oYUQodRFL9etC9twiKcyD8,swe_bench,swe_bench_oh1_JM,oh1_JM,oh1,JM,0
2HaDwauAP9WqyjDc4so5vs,swe_bench,swe_bench_oh1_JM,oh1_JM,oh1,JM,0
2V6KZjYvE8gY4iTLNsA4Rh,swe_bench,swe_bench_oh1_JM,oh1_JM,oh1,JM,0
35fp4gtpnQHid9nNy7zHSF,swe_bench,swe_bench_oh1_JM,oh1_JM,oh1,JM,0
3NnvZ9XN6j844KTeAsD2D4,swe_bench,swe_bench_oh1_JM,oh1_JM,oh1,JM,0
5NTh8GTAtCavWcJ8yUJyk9,swe_bench,swe_bench_oh1_JM,oh1_JM,oh1,JM,0
6GRSXmEWNxd74kJ2Xpxs22,swe_bench,swe_bench_oh1_JM,oh1_JM,oh1,JM,0
6joHspkQqAbsmbhuSmXKML,swe_bench,swe_bench_oh1_JM,oh1_JM,oh1,JM,0
7knpS3AeTNGxM9hKDkea7r,swe_bench,swe_bench_oh1_JM,oh1_JM,oh1,JM,0
7n9vixXSEKkEKQnsAsjF4w,swe_bench,swe_bench_oh1_JM,oh1_JM,oh1,JM,0
8dFnmh7E6Gs2DiDav2tDSg,swe_bench,swe_bench_oh1_JM,oh1_JM,oh1,JM,0
9HbUqkmWpDG3K4AvbpZ9bp,swe_bench,swe_bench_oh1_JM,oh1_JM,oh1,JM,0
CB2Cv8qCcrVVpvssxUTNY5,swe_bench,swe_bench_oh1_JM,oh1_JM,oh1,JM,0
CGfZvvHy83GhXtaUKhZZLj,swe_bench,swe_bench_oh1_JM,oh1_JM,oh1,JM,0
CLS3TsVzBSxixtTB2VAQyo,swe_bench,swe_bench_oh1_JM,oh1_JM,oh1,JM,0
H4A8ZJLp9SqfrpGgpmMgrc,swe_bench,swe_bench_oh1_JM,oh1_JM,oh1,JM,0
HFQ5WrUtzkzVRyGutZqjm4,swe_bench,swe_bench_oh1_JM,oh1_JM,oh1,JM,1
HQRf9oHijCFVbMd6kKN4pE,swe_bench,swe_bench_oh1_JM,oh1_JM,oh1,JM,0
JhFkU3NQgZ72TkMZZHrUFa,swe_bench,swe_bench_oh1_JM,oh1_JM,oh1,JM,0
K9DuMdpMxgBJbe4Tji3FBP,swe_bench,swe_bench_oh1_JM,oh1_JM,oh1,JM,0
KHzmDXoZBFx6Q5bSxbvfdr,swe_bench,swe_bench_oh1_JM,oh1_JM,oh1,JM,0
L7ESphm4gUd7qSGnLcTjpP,swe_bench,swe_bench_oh1_JM,oh1_JM,oh1,JM,0
LvB9VtLYNXr6ezrg9W4CbA,swe_bench,swe_bench_oh1_JM,oh1_JM,oh1,JM,0
MvGSgLYhLvJqJ94PGMW8B3,swe_bench,swe_bench_oh1_JM,oh1_JM,oh1,JM,0
NbrXG4eMhaFxhU42iipQGj,swe_bench,swe_bench_oh1_JM,oh1_JM,oh1,JM,0
RcLxw6tw4hJKyKtj5Myztu,swe_bench,swe_bench_oh1_JM,oh1_JM,oh1,JM,0
RnGV9hX5GZeFKoY8PZ3B9o,swe_bench,swe_bench_oh1_JM,oh1_JM,oh1,JM,0
V467PHdRdX8BqNEX2oe8RT,swe_bench,swe_bench_oh1_JM,oh1_JM,oh1,JM,0
VQdsumHCqGk9habtgcKbHG,swe_bench,swe_bench_oh1_JM,oh1_JM,oh1,JM,0
WWtR9c46L8jCQT9LUD4iun,swe_bench,swe_bench_oh1_JM,oh1_JM,oh1,JM,0
XyqHYvqitrLSUfJuquBDL5,swe_bench,swe_bench_oh1_JM,oh1_JM,oh1,JM,0
XzszG5DvDMd4rY4yzvwc4L,swe_bench,swe_bench_oh1_JM,oh1_JM,oh1,JM,0
aZDV5P3gXHRZCMq9DtEavn,swe_bench,swe_bench_oh1_JM,oh1_JM,oh1,JM,0
bnWeMHGQjBPst8i98bjfiJ,swe_bench,swe_bench_oh1_JM,oh1_JM,oh1,JM,0
cFXf3XpgwVRXbwvTuv7Tfi,swe_bench,swe_bench_oh1_JM,oh1_JM,oh1,JM,0
cupXPG99YM2MC5um3f2y6r,swe_bench,swe_bench_oh1_JM,oh1_JM,oh1,JM,0
dUeHgm4F3UAwEdEmz95nKe,swe_bench,swe_bench_oh1_JM,oh1_JM,oh1,JM,1
efhXuhzoDGW8ZDd9tQmZEn,swe_bench,swe_bench_oh1_JM,oh1_JM,oh1,JM,0
hQpY8jDXtCvpCjDZZTy5cz,swe_bench,swe_bench_oh1_JM,oh1_JM,oh1,JM,1
i4dmESCDSstuzSM9Db6v2Z,swe_bench,swe_bench_oh1_JM,oh1_JM,oh1,JM,3
kYWeMze9iKFu4fujtdLm6S,swe_bench,swe_bench_oh1_JM,oh1_JM,oh1,JM,1
imMzC7UEHwSp227gTVjDHu,swe_bench,swe_bench_oh1_JM,oh1_JM,oh1,JM,0
kao8VCxEbSe7phV5QvHQRG,swe_bench,swe_bench_oh1_JM,oh1_JM,oh1,JM,0
gTw4pRb7r3MpDFuPRmURcD,swe_bench,swe_bench_oh1_JM,oh1_JM,oh1,JM,0
kfhizdpJNM3zKcC6QzS5so,swe_bench,swe_bench_oh1_JM,oh1_JM,oh1,JM,0
mTYqxawHLWmXsXWDetaQS5,swe_bench,swe_bench_oh1_JM,oh1_JM,oh1,JM,0
mb8DifCk6iML6FufX3nQU2,swe_bench,swe_bench_oh1_JM,oh1_JM,oh1,JM,0
oGi7J4jncfjZtRSGf9G9QD,swe_bench,swe_bench_oh1_JM,oh1_JM,oh1,JM,0
oQX3aHfghMt7gENbEDsFeM,swe_bench,swe_bench_oh1_JM,oh1_JM,oh1,JM,0
M8W8TV4bSYThFPddB9xKHq,swe_bench,swe_bench_oh1_JM,oh1_JM,oh1,JM,3
CGfg8wZRbH2JkbppgVMEiL,swe_bench,swe_bench_oh1_JM,oh1_JM,oh1,JM,0
2HaDwauAP9WqyjDc4so5vs,swe_bench,swe_bench_t5_JM,t5_JM,t5,JM,0
2V6KZjYvE8gY4iTLNsA4Rh,swe_bench,swe_bench_t5_JM,t5_JM,t5,JM,0
2wBVAUd4628gPiSW6Zk5w2,swe_bench,swe_bench_t5_JM,t5_JM,t5,JM,0
2zw4xdLTnaxk52whJY2DRh,swe_bench,swe_bench_t5_JM,t5_JM,t5,JM,0
35fp4gtpnQHid9nNy7zHSF,swe_bench,swe_bench_t5_JM,t5_JM,t5,JM,0
3NnvZ9XN6j844KTeAsD2D4,swe_bench,swe_bench_t5_JM,t5_JM,t5,JM,0
3ebPULkERnbVdyQwczEFVN,swe_bench,swe_bench_t5_JM,t5_JM,t5,JM,0
43cU7wEXLWV52rgC63PQtr,swe_bench,swe_bench_t5_JM,t5_JM,t5,JM,0
5AMUgn3GGpuhe8QR87YELi,swe_bench,swe_bench_t5_JM,t5_JM,t5,JM,0
5NTh8GTAtCavWcJ8yUJyk9,swe_bench,swe_bench_t5_JM,t5_JM,t5,JM,0
6GRSXmEWNxd74kJ2Xpxs22,swe_bench,swe_bench_t5_JM,t5_JM,t5,JM,3
6joHspkQqAbsmbhuSmXKML,swe_bench,swe_bench_t5_JM,t5_JM,t5,JM,0
7knpS3AeTNGxM9hKDkea7r,swe_bench,swe_bench_t5_JM,t5_JM,t5,JM,0
7n9vixXSEKkEKQnsAsjF4w,swe_bench,swe_bench_t5_JM,t5_JM,t5,JM,0
8dFnmh7E6Gs2DiDav2tDSg,swe_bench,swe_bench_t5_JM,t5_JM,t5,JM,0
9HbUqkmWpDG3K4AvbpZ9bp,swe_bench,swe_bench_t5_JM,t5_JM,t5,JM,0
AFhUXHYDhP38kwMyY7T5dm,swe_bench,swe_bench_t5_JM,t5_JM,t5,JM,0
BKgt9zSimiNGkwidt9e67u,swe_bench,swe_bench_t5_JM,t5_JM,t5,JM,0
CB2Cv8qCcrVVpvssxUTNY5,swe_bench,swe_bench_t5_JM,t5_JM,t5,JM,0
CGfZvvHy83GhXtaUKhZZLj,swe_bench,swe_bench_t5_JM,t5_JM,t5,JM,0
CGfg8wZRbH2JkbppgVMEiL,swe_bench,swe_bench_t5_JM,t5_JM,t5,JM,0
CLS3TsVzBSxixtTB2VAQyo,swe_bench,swe_bench_t5_JM,t5_JM,t5,JM,0
DZG5xFxqSnrSaCvbjn37Mu,swe_bench,swe_bench_t5_JM,t5_JM,t5,JM,0
H4A8ZJLp9SqfrpGgpmMgrc,swe_bench,swe_bench_t5_JM,t5_JM,t5,JM,0
HFQ5WrUtzkzVRyGutZqjm4,swe_bench,swe_bench_t5_JM,t5_JM,t5,JM,0
HKq8uxzRy8JtJiUX4b6qqm,swe_bench,swe_bench_t5_JM,t5_JM,t5,JM,0
HQRf9oHijCFVbMd6kKN4pE,swe_bench,swe_bench_t5_JM,t5_JM,t5,JM,3
HV6DzcAEfCw9HLcYZbRSHB,swe_bench,swe_bench_t5_JM,t5_JM,t5,JM,0
HsYobEx68RrkeLmMa8JGRD,swe_bench,swe_bench_t5_JM,t5_JM,t5,JM,0
JDerrisrosxWGGNty4pNmD,swe_bench,swe_bench_t5_JM,t5_JM,t5,JM,0
JhFkU3NQgZ72TkMZZHrUFa,swe_bench,swe_bench_t5_JM,t5_JM,t5,JM,0
Jq7i69n92VGbbkcFcC9Ndi,swe_bench,swe_bench_t5_JM,t5_JM,t5,JM,0
K9DuMdpMxgBJbe4Tji3FBP,swe_bench,swe_bench_t5_JM,t5_JM,t5,JM,0
KBmbfbRY8sWxEiJ66hWTU7,swe_bench,swe_bench_t5_JM,t5_JM,t5,JM,0
KHzmDXoZBFx6Q5bSxbvfdr,swe_bench,swe_bench_t5_JM,t5_JM,t5,JM,0
KapUMeiyYYycHCgBPBe7Di,swe_bench,swe_bench_t5_JM,t5_JM,t5,JM,0
KfBKbQaM6wGyEQFrRUCawS,swe_bench,swe_bench_t5_JM,t5_JM,t5,JM,0
L7ESphm4gUd7qSGnLcTjpP,swe_bench,swe_bench_t5_JM,t5_JM,t5,JM,0
LK8SbftkLSLn9tLZ5R3VLk,swe_bench,swe_bench_t5_JM,t5_JM,t5,JM,0
LhiVEYfqXuuwrwYtkKk2Xr,swe_bench,swe_bench_t5_JM,t5_JM,t5,JM,0
LvB9VtLYNXr6ezrg9W4CbA,swe_bench,swe_bench_t5_JM,t5_JM,t5,JM,0
M8W8TV4bSYThFPddB9xKHq,swe_bench,swe_bench_t5_JM,t5_JM,t5,JM,0
MvGSgLYhLvJqJ94PGMW8B3,swe_bench,swe_bench_t5_JM,t5_JM,t5,JM,0
NbrXG4eMhaFxhU42iipQGj,swe_bench,swe_bench_t5_JM,t5_JM,t5,JM,0
P4hQp79eEdMaHhBTbceuh9,swe_bench,swe_bench_t5_JM,t5_JM,t5,JM,0
PVxxctwW8jRpi9xjSfzxpa,swe_bench,swe_bench_t5_JM,t5_JM,t5,JM,2
QKgGkSg2ebk5Sfy5LEc4Dt,swe_bench,swe_bench_t5_JM,t5_JM,t5,JM,0
QNtjzMZQwtRr4ZSsgSkn4s,swe_bench,swe_bench_t5_JM,t5_JM,t5,JM,0
QRppgBEq2MsUhU9wwkKSQG,swe_bench,swe_bench_t5_JM,t5_JM,t5,JM,0
QSya3htiYRFw3G98tb4P5b,swe_bench,swe_bench_t5_JM,t5_JM,t5,JM,0
RcLxw6tw4hJKyKtj5Myztu,swe_bench,swe_bench_t5_JM,t5_JM,t5,JM,0
RnGV9hX5GZeFKoY8PZ3B9o,swe_bench,swe_bench_t5_JM,t5_JM,t5,JM,0
TMXCfcarEtCLt2wj3vPeHK,swe_bench,swe_bench_t5_JM,t5_JM,t5,JM,0
V467PHdRdX8BqNEX2oe8RT,swe_bench,swe_bench_t5_JM,t5_JM,t5,JM,1
VQdsumHCqGk9habtgcKbHG,swe_bench,swe_bench_t5_JM,t5_JM,t5,JM,0
VV5sjg2wtKHH87ZH472YT2,swe_bench,swe_bench_t5_JM,t5_JM,t5,JM,0
WWFijci4yLKfgbUV6sabfb,swe_bench,swe_bench_t5_JM,t5_JM,t5,JM,0
WWtR9c46L8jCQT9LUD4iun,swe_bench,swe_bench_t5_JM,t5_JM,t5,JM,1
XprCpyVrAkkqi4MfqV3vN2,swe_bench,swe_bench_t5_JM,t5_JM,t5,JM,0
XtRasYrQqy78JneeRHk3s7,swe_bench,swe_bench_t5_JM,t5_JM,t5,JM,0
XyqHYvqitrLSUfJuquBDL5,swe_bench,swe_bench_t5_JM,t5_JM,t5,JM,2
XzszG5DvDMd4rY4yzvwc4L,swe_bench,swe_bench_t5_JM,t5_JM,t5,JM,3
Z3EViQhQnBHxgKEdpF8ixK,swe_bench,swe_bench_t5_JM,t5_JM,t5,JM,0
ZYQ8saCrhmXKPFN4CahFPe,swe_bench,swe_bench_t5_JM,t5_JM,t5,JM,0
ZgXK95yGAnVNKYDpeXy9B5,swe_bench,swe_bench_t5_JM,t5_JM,t5,JM,0
Zxu4gf6kJExVuavxefNZhJ,swe_bench,swe_bench_t5_JM,t5_JM,t5,JM,3
aZDV5P3gXHRZCMq9DtEavn,swe_bench,swe_bench_t5_JM,t5_JM,t5,JM,0
bFywNRoan3t7JQEqcfQAhF,swe_bench,swe_bench_t5_JM,t5_JM,t5,JM,0
bco94cnbvWcstRize5ffw5,swe_bench,swe_bench_t5_JM,t5_JM,t5,JM,1
bnWeMHGQjBPst8i98bjfiJ,swe_bench,swe_bench_t5_JM,t5_JM,t5,JM,0
cFXf3XpgwVRXbwvTuv7Tfi,swe_bench,swe_bench_t5_JM,t5_JM,t5,JM,0
cupXPG99YM2MC5um3f2y6r,swe_bench,swe_bench_t5_JM,t5_JM,t5,JM,0
dJjDdd5WyeSKunukApGzT3,swe_bench,swe_bench_t5_JM,t5_JM,t5,JM,0
dLxfsk6D3nztzc99tBKVKX,swe_bench,swe_bench_t5_JM,t5_JM,t5,JM,3
dUeHgm4F3UAwEdEmz95nKe,swe_bench,swe_bench_t5_JM,t5_JM,t5,JM,0
dYTDthG3oMEdsQch9SUaVD,swe_bench,swe_bench_t5_JM,t5_JM,t5,JM,0
efhXuhzoDGW8ZDd9tQmZEn,swe_bench,swe_bench_t5_JM,t5_JM,t5,JM,0
g8bTGneEG8ZcNN5YU5yWQ3,swe_bench,swe_bench_t5_JM,t5_JM,t5,JM,0
gTw4pRb7r3MpDFuPRmURcD,swe_bench,swe_bench_t5_JM,t5_JM,t5,JM,0
h4yLaDR2vno3V5CCBCXkcH,swe_bench,swe_bench_t5_JM,t5_JM,t5,JM,0
hNY6T9zMx7EEA6jZtCVcpP,swe_bench,swe_bench_t5_JM,t5_JM,t5,JM,0
hQpY8jDXtCvpCjDZZTy5cz,swe_bench,swe_bench_t5_JM,t5_JM,t5,JM,0
i4dmESCDSstuzSM9Db6v2Z,swe_bench,swe_bench_t5_JM,t5_JM,t5,JM,0
imMzC7UEHwSp227gTVjDHu,swe_bench,swe_bench_t5_JM,t5_JM,t5,JM,0
ivExBBEsnaH7tN3e84xWCE,swe_bench,swe_bench_t5_JM,t5_JM,t5,JM,0
jENJLBFJNnkhxenGcuh2uA,swe_bench,swe_bench_t5_JM,t5_JM,t5,JM,2
jfVy8NVqWufumxm5zgnPs7,swe_bench,swe_bench_t5_JM,t5_JM,t5,JM,3
jmLeHMQgNDec9QrNBfNJVE,swe_bench,swe_bench_t5_JM,t5_JM,t5,JM,0
juuwvs2EfQzJSkNJyPVhF8,swe_bench,swe_bench_t5_JM,t5_JM,t5,JM,0
kYWeMze9iKFu4fujtdLm6S,swe_bench,swe_bench_t5_JM,t5_JM,t5,JM,0
kakRSFFCktJEjhnfRJWiFA,swe_bench,swe_bench_t5_JM,t5_JM,t5,JM,0
kao8VCxEbSe7phV5QvHQRG,swe_bench,swe_bench_t5_JM,t5_JM,t5,JM,0
kfhizdpJNM3zKcC6QzS5so,swe_bench,swe_bench_t5_JM,t5_JM,t5,JM,0
knbK4CZDxBAvZeQk4P7FMD,swe_bench,swe_bench_t5_JM,t5_JM,t5,JM,0
ktYVX7kFgF8GooPbxu5FP2,swe_bench,swe_bench_t5_JM,t5_JM,t5,JM,0
mTYqxawHLWmXsXWDetaQS5,swe_bench,swe_bench_t5_JM,t5_JM,t5,JM,0
mb8DifCk6iML6FufX3nQU2,swe_bench,swe_bench_t5_JM,t5_JM,t5,JM,0
oGi7J4jncfjZtRSGf9G9QD,swe_bench,swe_bench_t5_JM,t5_JM,t5,JM,0
oQX3aHfghMt7gENbEDsFeM,swe_bench,swe_bench_t5_JM,t5_JM,t5,JM,0
oYUQodRFL9etC9twiKcyD8,swe_bench,swe_bench_t5_JM,t5_JM,t5,JM,0
2osMwK82oHDoYxwpg6j4K4,mle_bench,mle_bench_t2_DS,t2_DS,t2,DS,0
2wTevmARNrFJZDZEisKeiX,mle_bench,mle_bench_t2_DS,t2_DS,t2,DS,0
4HJmeDxYH779fazPvrubN7,mle_bench,mle_bench_t2_DS,t2_DS,t2,DS,0
59JzNkCLUh2t2DZTgLPCj3,mle_bench,mle_bench_t2_DS,t2_DS,t2,DS,0
65mjoUSErtbtjyns68JASo,mle_bench,mle_bench_t2_DS,t2_DS,t2,DS,0
6bGpnXgkF8XQsoy9TMGBGm,mle_bench,mle_bench_t2_DS,t2_DS,t2,DS,0
8A9AKSJUCM4Xm7SZdNQ3i6,mle_bench,mle_bench_t2_DS,t2_DS,t2,DS,0
8nUMP8iPpctNrk4MEHKkRw,mle_bench,mle_bench_t2_DS,t2_DS,t2,DS,0
AeDTMV2RTHd2DMNxv2xyTQ,mle_bench,mle_bench_t2_DS,t2_DS,t2,DS,0
DTUfkvyDPwmEGScWFNMLPv,mle_bench,mle_bench_t2_DS,t2_DS,t2,DS,0
HNWTr3iZ2gVjwGrS3ubfdg,mle_bench,mle_bench_t2_DS,t2_DS,t2,DS,0
MGiNyWx3Tq43SfbaeZGLpQ,mle_bench,mle_bench_t2_DS,t2_DS,t2,DS,1
RSXX7v8uJHuzbH73Bt9bZW,mle_bench,mle_bench_t2_DS,t2_DS,t2,DS,0
SXp8d2Zid9G5TzBHHzCDVG,mle_bench,mle_bench_t2_DS,t2_DS,t2,DS,0
TWBheGCaxXGZtjZ53N9kkv,mle_bench,mle_bench_t2_DS,t2_DS,t2,DS,0
U2ZFYwKDduyfjjTw7fpny8,mle_bench,mle_bench_t2_DS,t2_DS,t2,DS,0
UchtCjuToYzvt2coQN3nrQ,mle_bench,mle_bench_t2_DS,t2_DS,t2,DS,0
UenW8fyTXFdPahMyrgNJYB,mle_bench,mle_bench_t2_DS,t2_DS,t2,DS,0
YPYM7RfzAJ92FUHadzUhYg,mle_bench,mle_bench_t2_DS,t2_DS,t2,DS,1
bTB3TEPgpRuTwfB2UcGhjv,mle_bench,mle_bench_t2_DS,t2_DS,t2,DS,0
cyNZ5hd67csMuYUffPju4E,mle_bench,mle_bench_t2_DS,t2_DS,t2,DS,0
d75CHWbKEX6cBGhbBumxyt,mle_bench,mle_bench_t2_DS,t2_DS,t2,DS,0
dX3FU9MfYf9qWr86CXH2mW,mle_bench,mle_bench_t2_DS,t2_DS,t2,DS,0
dctJzAMGcCv2KF2u2biddx,mle_bench,mle_bench_t2_DS,t2_DS,t2,DS,0
eZjQ3s4iLa72gNuMivRKaz,mle_bench,mle_bench_t2_DS,t2_DS,t2,DS,0
oHeWeCYVYSkBzYwK6hS2Zh,mle_bench,mle_bench_t2_DS,t2_DS,t2,DS,0
2euKmsNJffEFhfybrb9VbY,mle_bench,mle_bench_t2_DS,t2_DS,t2,DS,1
3E3UmeQrXxe3kERJpiESD6,mle_bench,mle_bench_t2_DS,t2_DS,t2,DS,1
3cc8ceaK6T874Kb2eS8rSM,mle_bench,mle_bench_t2_DS,t2_DS,t2,DS,0
3dF4FX8nPJbTBBpcT2rmtH,mle_bench,mle_bench_t2_DS,t2_DS,t2,DS,1
5JLSgwxSRBbVQGe9HbgRLt,mle_bench,mle_bench_t2_DS,t2_DS,t2,DS,0
6HDJjsC5YEuaCd2NQA9cNr,mle_bench,mle_bench_t2_DS,t2_DS,t2,DS,1
6U3JU53Kjn4ywi2xauPXL3,mle_bench,mle_bench_t2_DS,t2_DS,t2,DS,0
6dGURYv8LZgXs2jUw2ALN9,mle_bench,mle_bench_t2_DS,t2_DS,t2,DS,0
9H8BsVSKVtRiBG7p9267KN,mle_bench,mle_bench_t2_DS,t2_DS,t2,DS,0
9dgNTAJV4B3hNeBUnCYUSk,mle_bench,mle_bench_t2_DS,t2_DS,t2,DS,0
AZjuMkQtrGLfQwGzhvYFYx,mle_bench,mle_bench_t2_DS,t2_DS,t2,DS,0
CXEgawHHCYC3vKPs7qkA8Q,mle_bench,mle_bench_t2_DS,t2_DS,t2,DS,0
DDzKA5GKiCsudWyzJYywxo,mle_bench,mle_bench_t2_DS,t2_DS,t2,DS,0
DPiqKygRa9PKRFY6riCTLX,mle_bench,mle_bench_t2_DS,t2_DS,t2,DS,1
DeKYw9R6F7vceStmUnCRxa,mle_bench,mle_bench_t2_DS,t2_DS,t2,DS,0
E7gVDrZToqZ6jwqSH7uiWC,mle_bench,mle_bench_t2_DS,t2_DS,t2,DS,0
EMzfziLD7RPdopiSPdJmLv,mle_bench,mle_bench_t2_DS,t2_DS,t2,DS,0
Ebcy5Y7JoyF9CGm92xEhbf,mle_bench,mle_bench_t2_DS,t2_DS,t2,DS,0
EwATiSveuFWymgXW7KEKss,mle_bench,mle_bench_t2_DS,t2_DS,t2,DS,0
EzBmQQq4NXTXgV27i38SXG,mle_bench,mle_bench_t2_DS,t2_DS,t2,DS,0
JsYU73dmtfxmNLQhVPYQaZ,mle_bench,mle_bench_t2_DS,t2_DS,t2,DS,0
Lew6L2WkXMyTyQJ7iNzc2D,mle_bench,mle_bench_t2_DS,t2_DS,t2,DS,0
NBQAJEuDQ8QeCWJJBvgAQo,mle_bench,mle_bench_t2_DS,t2_DS,t2,DS,0
NnrWgm6ej3mdFxmxFbqmVn,mle_bench,mle_bench_t2_DS,t2_DS,t2,DS,0
P3pAUJhrbJPUGCCGzKxDHn,mle_bench,mle_bench_t2_DS,t2_DS,t2,DS,0
QSiAMiEXmoNrsvkeeTnkqa,mle_bench,mle_bench_t2_DS,t2_DS,t2,DS,0
RkyJiw87WgxpxREjPgKCsg,mle_bench,mle_bench_t2_DS,t2_DS,t2,DS,0
T9P75orhz2kgFXjuydHFQC,mle_bench,mle_bench_t2_DS,t2_DS,t2,DS,0
TtyWKyqERovyvocyiMF85v,mle_bench,mle_bench_t2_DS,t2_DS,t2,DS,0
WjnGyWEST8KxbHSTAzazvs,mle_bench,mle_bench_t2_DS,t2_DS,t2,DS,0
bxPNEyYxZPyHYngda7rg9M,mle_bench,mle_bench_t2_DS,t2_DS,t2,DS,0
fbLwHkibpKJ9g52uyTCvmT,mle_bench,mle_bench_t2_DS,t2_DS,t2,DS,0
fjMk4bEEUH7YFVhADGcikM,mle_bench,mle_bench_t2_DS,t2_DS,t2,DS,0
gPdy7si5SwvLyoCbfupAT3,mle_bench,mle_bench_t2_DS,t2_DS,t2,DS,0
i3BUR6yAqWSFR7n9TLXujo,mle_bench,mle_bench_t2_DS,t2_DS,t2,DS,0
kGcr8uMUeTNjPXm7oY9Ejp,mle_bench,mle_bench_t2_DS,t2_DS,t2,DS,0
mVYreGsbH3Vr2a6JxUaUBL,mle_bench,mle_bench_t2_DS,t2_DS,t2,DS,0
2osMwK82oHDoYxwpg6j4K4,mle_bench,mle_bench_t5_DS,t5_DS,t5,DS,0
2wTevmARNrFJZDZEisKeiX,mle_bench,mle_bench_t5_DS,t5_DS,t5,DS,0
4HJmeDxYH779fazPvrubN7,mle_bench,mle_bench_t5_DS,t5_DS,t5,DS,0
59JzNkCLUh2t2DZTgLPCj3,mle_bench,mle_bench_t5_DS,t5_DS,t5,DS,0
65mjoUSErtbtjyns68JASo,mle_bench,mle_bench_t5_DS,t5_DS,t5,DS,0
6bGpnXgkF8XQsoy9TMGBGm,mle_bench,mle_bench_t5_DS,t5_DS,t5,DS,0
8A9AKSJUCM4Xm7SZdNQ3i6,mle_bench,mle_bench_t5_DS,t5_DS,t5,DS,0
8nUMP8iPpctNrk4MEHKkRw,mle_bench,mle_bench_t5_DS,t5_DS,t5,DS,0
AeDTMV2RTHd2DMNxv2xyTQ,mle_bench,mle_bench_t5_DS,t5_DS,t5,DS,0
DTUfkvyDPwmEGScWFNMLPv,mle_bench,mle_bench_t5_DS,t5_DS,t5,DS,0
HNWTr3iZ2gVjwGrS3ubfdg,mle_bench,mle_bench_t5_DS,t5_DS,t5,DS,0
MGiNyWx3Tq43SfbaeZGLpQ,mle_bench,mle_bench_t5_DS,t5_DS,t5,DS,0
RSXX7v8uJHuzbH73Bt9bZW,mle_bench,mle_bench_t5_DS,t5_DS,t5,DS,0
SXp8d2Zid9G5TzBHHzCDVG,mle_bench,mle_bench_t5_DS,t5_DS,t5,DS,0
TWBheGCaxXGZtjZ53N9kkv,mle_bench,mle_bench_t5_DS,t5_DS,t5,DS,0
U2ZFYwKDduyfjjTw7fpny8,mle_bench,mle_bench_t5_DS,t5_DS,t5,DS,0
UchtCjuToYzvt2coQN3nrQ,mle_bench,mle_bench_t5_DS,t5_DS,t5,DS,0
UenW8fyTXFdPahMyrgNJYB,mle_bench,mle_bench_t5_DS,t5_DS,t5,DS,0
YPYM7RfzAJ92FUHadzUhYg,mle_bench,mle_bench_t5_DS,t5_DS,t5,DS,0
bTB3TEPgpRuTwfB2UcGhjv,mle_bench,mle_bench_t5_DS,t5_DS,t5,DS,0
cyNZ5hd67csMuYUffPju4E,mle_bench,mle_bench_t5_DS,t5_DS,t5,DS,0
d75CHWbKEX6cBGhbBumxyt,mle_bench,mle_bench_t5_DS,t5_DS,t5,DS,0
dX3FU9MfYf9qWr86CXH2mW,mle_bench,mle_bench_t5_DS,t5_DS,t5,DS,0
dctJzAMGcCv2KF2u2biddx,mle_bench,mle_bench_t5_DS,t5_DS,t5,DS,0
eZjQ3s4iLa72gNuMivRKaz,mle_bench,mle_bench_t5_DS,t5_DS,t5,DS,0
oHeWeCYVYSkBzYwK6hS2Zh,mle_bench,mle_bench_t5_DS,t5_DS,t5,DS,0
2euKmsNJffEFhfybrb9VbY,mle_bench,mle_bench_t5_DS,t5_DS,t5,DS,0
3E3UmeQrXxe3kERJpiESD6,mle_bench,mle_bench_t5_DS,t5_DS,t5,DS,0
3cc8ceaK6T874Kb2eS8rSM,mle_bench,mle_bench_t5_DS,t5_DS,t5,DS,0
5JLSgwxSRBbVQGe9HbgRLt,mle_bench,mle_bench_t5_DS,t5_DS,t5,DS,0
DPiqKygRa9PKRFY6riCTLX,mle_bench,mle_bench_t5_DS,t5_DS,t5,DS,0
EMzfziLD7RPdopiSPdJmLv,mle_bench,mle_bench_t5_DS,t5_DS,t5,DS,0
3dF4FX8nPJbTBBpcT2rmtH,mle_bench,mle_bench_t5_DS,t5_DS,t5,DS,0
6HDJjsC5YEuaCd2NQA9cNr,mle_bench,mle_bench_t5_DS,t5_DS,t5,DS,0
6U3JU53Kjn4ywi2xauPXL3,mle_bench,mle_bench_t5_DS,t5_DS,t5,DS,0
6dGURYv8LZgXs2jUw2ALN9,mle_bench,mle_bench_t5_DS,t5_DS,t5,DS,0
9H8BsVSKVtRiBG7p9267KN,mle_bench,mle_bench_t5_DS,t5_DS,t5,DS,0
9dgNTAJV4B3hNeBUnCYUSk,mle_bench,mle_bench_t5_DS,t5_DS,t5,DS,0
AZjuMkQtrGLfQwGzhvYFYx,mle_bench,mle_bench_t5_DS,t5_DS,t5,DS,0
CXEgawHHCYC3vKPs7qkA8Q,mle_bench,mle_bench_t5_DS,t5_DS,t5,DS,0
DDzKA5GKiCsudWyzJYywxo,mle_bench,mle_bench_t5_DS,t5_DS,t5,DS,0
DeKYw9R6F7vceStmUnCRxa,mle_bench,mle_bench_t5_DS,t5_DS,t5,DS,0
E7gVDrZToqZ6jwqSH7uiWC,mle_bench,mle_bench_t5_DS,t5_DS,t5,DS,0
Ebcy5Y7JoyF9CGm92xEhbf,mle_bench,mle_bench_t5_DS,t5_DS,t5,DS,0
EwATiSveuFWymgXW7KEKss,mle_bench,mle_bench_t5_DS,t5_DS,t5,DS,0
EzBmQQq4NXTXgV27i38SXG,mle_bench,mle_bench_t5_DS,t5_DS,t5,DS,0
JsYU73dmtfxmNLQhVPYQaZ,mle_bench,mle_bench_t5_DS,t5_DS,t5,DS,0
Lew6L2WkXMyTyQJ7iNzc2D,mle_bench,mle_bench_t5_DS,t5_DS,t5,DS,0
NBQAJEuDQ8QeCWJJBvgAQo,mle_bench,mle_bench_t5_DS,t5_DS,t5,DS,0
NnrWgm6ej3mdFxmxFbqmVn,mle_bench,mle_bench_t5_DS,t5_DS,t5,DS,0
P3pAUJhrbJPUGCCGzKxDHn,mle_bench,mle_bench_t5_DS,t5_DS,t5,DS,0
QSiAMiEXmoNrsvkeeTnkqa,mle_bench,mle_bench_t5_DS,t5_DS,t5,DS,0
RkyJiw87WgxpxREjPgKCsg,mle_bench,mle_bench_t5_DS,t5_DS,t5,DS,0
T9P75orhz2kgFXjuydHFQC,mle_bench,mle_bench_t5_DS,t5_DS,t5,DS,0
TtyWKyqERovyvocyiMF85v,mle_bench,mle_bench_t5_DS,t5_DS,t5,DS,0
WjnGyWEST8KxbHSTAzazvs,mle_bench,mle_bench_t5_DS,t5_DS,t5,DS,0
bxPNEyYxZPyHYngda7rg9M,mle_bench,mle_bench_t5_DS,t5_DS,t5,DS,0
fbLwHkibpKJ9g52uyTCvmT,mle_bench,mle_bench_t5_DS,t5_DS,t5,DS,0
fjMk4bEEUH7YFVhADGcikM,mle_bench,mle_bench_t5_DS,t5_DS,t5,DS,0
gPdy7si5SwvLyoCbfupAT3,mle_bench,mle_bench_t5_DS,t5_DS,t5,DS,0
i3BUR6yAqWSFR7n9TLXujo,mle_bench,mle_bench_t5_DS,t5_DS,t5,DS,0
kGcr8uMUeTNjPXm7oY9Ejp,mle_bench,mle_bench_t5_DS,t5_DS,t5,DS,0
mVYreGsbH3Vr2a6JxUaUBL,mle_bench,mle_bench_t5_DS,t5_DS,t5,DS,0
PLXWvoaDGQzAWMAQ42RBvU,mlrc_bench,mlrc_bench_t2_DS,t2_DS,t2,DS,0
R3T7dwgaKwLK5Zazd6ReJs,mlrc_bench,mlrc_bench_t2_DS,t2_DS,t2,DS,0
SWo6zGksE9PqhqV9qEPwGi,mlrc_bench,mlrc_bench_t2_DS,t2_DS,t2,DS,0
WMGHfdewbb7dymXk2PDHaF,mlrc_bench,mlrc_bench_t2_DS,t2_DS,t2,DS,0
gxGTfDSxtC7h2zT42xhpd5,mlrc_bench,mlrc_bench_t2_DS,t2_DS,t2,DS,0
CaoedkC3Jm9ERwd7JBie6n,mlrc_bench,mlrc_bench_t2_DS,t2_DS,t2,DS,0
CaoedkC3Jm9ERwd7JBie6n,mlrc_bench,mlrc_bench_t5_DS,t5_DS,t5,DS,0
PLXWvoaDGQzAWMAQ42RBvU,mlrc_bench,mlrc_bench_t5_DS,t5_DS,t5,DS,0
R3T7dwgaKwLK5Zazd6ReJs,mlrc_bench,mlrc_bench_t5_DS,t5_DS,t5,DS,0
SWo6zGksE9PqhqV9qEPwGi,mlrc_bench,mlrc_bench_t5_DS,t5_DS,t5,DS,0
WMGHfdewbb7dymXk2PDHaF,mlrc_bench,mlrc_bench_t5_DS,t5_DS,t5,DS,0
gxGTfDSxtC7h2zT42xhpd5,mlrc_bench,mlrc_bench_t5_DS,t5_DS,t5,DS,0
2REPPigj8zSdTH5E8CLj96,terminal_bench,oh1_terminal_bench_2,oh1_terminal_bench_2,oh1,unknown,0
2XjrxR6hSqHrHntybyxwcd,terminal_bench,oh1_terminal_bench_2,oh1_terminal_bench_2,oh1,unknown,0
3zCYn4KXJdSuFZUncYiKAp,terminal_bench,oh1_terminal_bench_2,oh1_terminal_bench_2,oh1,unknown,2
43zBhxDYtve6A6kzL5SuA2,terminal_bench,oh1_terminal_bench_2,oh1_terminal_bench_2,oh1,unknown,1
44DKRTF2dWPpCoKabap2pr,terminal_bench,oh1_terminal_bench_2,oh1_terminal_bench_2,oh1,unknown,2
4Bt298xkt6qs2HYNnkKgFc,terminal_bench,oh1_terminal_bench_2,oh1_terminal_bench_2,oh1,unknown,0
5SWYTXBRV2S8RojkKZdiJg,terminal_bench,oh1_terminal_bench_2,oh1_terminal_bench_2,oh1,unknown,1
5VvHEcrZCBgzSDJT7iq8DG,terminal_bench,oh1_terminal_bench_2,oh1_terminal_bench_2,oh1,unknown,2
6pRZe9hmAyJuRozaA8tATN,terminal_bench,oh1_terminal_bench_2,oh1_terminal_bench_2,oh1,unknown,0
7mmWd4tTP2Ky6CUqJMBhcp,terminal_bench,oh1_terminal_bench_2,oh1_terminal_bench_2,oh1,unknown,0
82BBRvSXkNbveiVhgXD6wz,terminal_bench,oh1_terminal_bench_2,oh1_terminal_bench_2,oh1,unknown,0
8LsEMwXnzXtH4yuRVmctUh,terminal_bench,oh1_terminal_bench_2,oh1_terminal_bench_2,oh1,unknown,0
8ZtMASjy4ZZtcig4GdCKQd,terminal_bench,oh1_terminal_bench_2,oh1_terminal_bench_2,oh1,unknown,0
8gvUh9VuZFgZQYQjgLV45y,terminal_bench,oh1_terminal_bench_2,oh1_terminal_bench_2,oh1,unknown,1
9QvQBwyjB5KfU57WAjzzDG,terminal_bench,oh1_terminal_bench_2,oh1_terminal_bench_2,oh1,unknown,0
9U8hiqzeh3dq3ebpkZqBAB,terminal_bench,oh1_terminal_bench_2,oh1_terminal_bench_2,oh1,unknown,0
9aPzvU9VY54Fwm3veR5DRh,terminal_bench,oh1_terminal_bench_2,oh1_terminal_bench_2,oh1,unknown,1
AAQyTNnxPxNjyAUqgAVXMm,terminal_bench,oh1_terminal_bench_2,oh1_terminal_bench_2,oh1,unknown,1
Av6oTEc8zn4oPYruhtUoYr,terminal_bench,oh1_terminal_bench_2,oh1_terminal_bench_2,oh1,unknown,0
B77matnp4SNbeU5qpy2Fre,terminal_bench,oh1_terminal_bench_2,oh1_terminal_bench_2,oh1,unknown,0
CQLQKhD9bFPJBsAcd7HF8P,terminal_bench,oh1_terminal_bench_2,oh1_terminal_bench_2,oh1,unknown,1
D5tS3xNCW7uj536iRBcmYw,terminal_bench,oh1_terminal_bench_2,oh1_terminal_bench_2,oh1,unknown,0
EqaexmR79MNLACTedqRzVy,terminal_bench,oh1_terminal_bench_2,oh1_terminal_bench_2,oh1,unknown,0
EvMsiVjAd2SuqAjEd53Kuj,terminal_bench,oh1_terminal_bench_2,oh1_terminal_bench_2,oh1,unknown,0
FbmFsWz9DM3yGG3AMqshDE,terminal_bench,oh1_terminal_bench_2,oh1_terminal_bench_2,oh1,unknown,0
Fdk6RkmHK9mSx7YQUg6j6K,terminal_bench,oh1_terminal_bench_2,oh1_terminal_bench_2,oh1,unknown,0
FiNLcpp4YhXAtj4ADPywTv,terminal_bench,oh1_terminal_bench_2,oh1_terminal_bench_2,oh1,unknown,1
FjnYymPayVRmghK2UPqq2f,terminal_bench,oh1_terminal_bench_2,oh1_terminal_bench_2,oh1,unknown,0
G2hr8rzDepVGBsufbaaHdi,terminal_bench,oh1_terminal_bench_2,oh1_terminal_bench_2,oh1,unknown,1
GB4HeA4ZMXZhAV6Q9J957v,terminal_bench,oh1_terminal_bench_2,oh1_terminal_bench_2,oh1,unknown,2
HX6giSKq988yrMRynZWRtj,terminal_bench,oh1_terminal_bench_2,oh1_terminal_bench_2,oh1,unknown,0
HnBoE2YJAPR6mBwpMcoyQ2,terminal_bench,oh1_terminal_bench_2,oh1_terminal_bench_2,oh1,unknown,0
HqNNawudgGjFdLHD575PoP,terminal_bench,oh1_terminal_bench_2,oh1_terminal_bench_2,oh1,unknown,0
Hrdxv6Pd7cdiUZoQNKMs56,terminal_bench,oh1_terminal_bench_2,oh1_terminal_bench_2,oh1,unknown,0
Jo3HdhC7bb9smGGBwgd4AX,terminal_bench,oh1_terminal_bench_2,oh1_terminal_bench_2,oh1,unknown,0
Jvhy4yvYFnXpzq22eiLAz3,terminal_bench,oh1_terminal_bench_2,oh1_terminal_bench_2,oh1,unknown,2
KdM3yAsUziA5qhxYqKc6QJ,terminal_bench,oh1_terminal_bench_2,oh1_terminal_bench_2,oh1,unknown,1
LJVgNvBgJhrGgTw5zYtX2H,terminal_bench,oh1_terminal_bench_2,oh1_terminal_bench_2,oh1,unknown,0
LLsB47KWuE3jXW84eWVfiU,terminal_bench,oh1_terminal_bench_2,oh1_terminal_bench_2,oh1,unknown,0
P2QvmKPYnyL7JxDkfkTPmM,terminal_bench,oh1_terminal_bench_2,oh1_terminal_bench_2,oh1,unknown,1
P3UCjG9j4gUp4ZqBAcXJLv,terminal_bench,oh1_terminal_bench_2,oh1_terminal_bench_2,oh1,unknown,1
P6gxLnzPSWx2oSZDSidYSj,terminal_bench,oh1_terminal_bench_2,oh1_terminal_bench_2,oh1,unknown,1
PmsHnMtpPxXp4Y8KFDn7xY,terminal_bench,oh1_terminal_bench_2,oh1_terminal_bench_2,oh1,unknown,2
QMpBZHpcaKchqDkw7dBwMJ,terminal_bench,oh1_terminal_bench_2,oh1_terminal_bench_2,oh1,unknown,0
Qqq6ZvhbY7NLFgzgTtj7Mj,terminal_bench,oh1_terminal_bench_2,oh1_terminal_bench_2,oh1,unknown,0
QxatjrDPf5EiAGARkipVEk,terminal_bench,oh1_terminal_bench_2,oh1_terminal_bench_2,oh1,unknown,0
Rexw8UYNQGoebX4WuSXXS7,terminal_bench,oh1_terminal_bench_2,oh1_terminal_bench_2,oh1,unknown,1
S2tVzn8vqErtp6GJgjcVgN,terminal_bench,oh1_terminal_bench_2,oh1_terminal_bench_2,oh1,unknown,0
T35iJnSxXKMMaQf9z6VoYz,terminal_bench,oh1_terminal_bench_2,oh1_terminal_bench_2,oh1,unknown,0
TYzRtcxBaD3esNXP6Xvvc4,terminal_bench,oh1_terminal_bench_2,oh1_terminal_bench_2,oh1,unknown,1
U5AkThwsTLNzWcCqSkZk5N,terminal_bench,oh1_terminal_bench_2,oh1_terminal_bench_2,oh1,unknown,0
UhN7JncUAckpjLNERqZbQp,terminal_bench,oh1_terminal_bench_2,oh1_terminal_bench_2,oh1,unknown,1
UpSd4X9fypB3tMz3czTFfD,terminal_bench,oh1_terminal_bench_2,oh1_terminal_bench_2,oh1,unknown,1
WdwW927jMQyYmVLxTbevs4,terminal_bench,oh1_terminal_bench_2,oh1_terminal_bench_2,oh1,unknown,1
XHPtVbZ8L47uc2y7pfxLsE,terminal_bench,oh1_terminal_bench_2,oh1_terminal_bench_2,oh1,unknown,0
Xd7Jq6vpYkgQv5UVEjCGWN,terminal_bench,oh1_terminal_bench_2,oh1_terminal_bench_2,oh1,unknown,1
Y87HyZt5KJkLwBcU9QbStd,terminal_bench,oh1_terminal_bench_2,oh1_terminal_bench_2,oh1,unknown,0
YK2wFhDgceqAZKRAQrQpsS,terminal_bench,oh1_terminal_bench_2,oh1_terminal_bench_2,oh1,unknown,1
YLqjjyrtZ92bqXzfU7KxFR,terminal_bench,oh1_terminal_bench_2,oh1_terminal_bench_2,oh1,unknown,1
YaADwjNs8HcPP2D4LWFRNn,terminal_bench,oh1_terminal_bench_2,oh1_terminal_bench_2,oh1,unknown,0
YkmcM2SUKW9bLaHYh5LXkh,terminal_bench,oh1_terminal_bench_2,oh1_terminal_bench_2,oh1,unknown,0
ZceP4hiuaVaSyP8WauaBUk,terminal_bench,oh1_terminal_bench_2,oh1_terminal_bench_2,oh1,unknown,1
aeWy2bEnhVaFd8Hadat79D,terminal_bench,oh1_terminal_bench_2,oh1_terminal_bench_2,oh1,unknown,0
au57SketuRyThywM9g5Jdi,terminal_bench,oh1_terminal_bench_2,oh1_terminal_bench_2,oh1,unknown,0
bKLFCLG9HX8heZgX2RGx3S,terminal_bench,oh1_terminal_bench_2,oh1_terminal_bench_2,oh1,unknown,0
bV2p6jQ4azFgXTWUo4QdN4,terminal_bench,oh1_terminal_bench_2,oh1_terminal_bench_2,oh1,unknown,1
baZq7xWDZNBmAafiFn6B7S,terminal_bench,oh1_terminal_bench_2,oh1_terminal_bench_2,oh1,unknown,2
cxN8thjKoqc8GmKq4YJaQA,terminal_bench,oh1_terminal_bench_2,oh1_terminal_bench_2,oh1,unknown,1
dH2uTa8FpaYF8WXUN2RGfu,terminal_bench,oh1_terminal_bench_2,oh1_terminal_bench_2,oh1,unknown,1
dodqqed6m8Q5cUwgW4J38u,terminal_bench,oh1_terminal_bench_2,oh1_terminal_bench_2,oh1,unknown,0
e8o9cHPQDYbTJTSdjEEgZz,terminal_bench,oh1_terminal_bench_2,oh1_terminal_bench_2,oh1,unknown,1
f3QhB7zQWcoj55fr7wb2oK,terminal_bench,oh1_terminal_bench_2,oh1_terminal_bench_2,oh1,unknown,0
g8W3FPdMKdPVLaDXNfzbtR,terminal_bench,oh1_terminal_bench_2,oh1_terminal_bench_2,oh1,unknown,0
h6xMefwv2BiVwKzYumJKPw,terminal_bench,oh1_terminal_bench_2,oh1_terminal_bench_2,oh1,unknown,0
hsXHt5DYFp4qnvVrkPP6Zo,terminal_bench,oh1_terminal_bench_2,oh1_terminal_bench_2,oh1,unknown,1
idCrRdarB34zhpZLpTiNyy,terminal_bench,oh1_terminal_bench_2,oh1_terminal_bench_2,oh1,unknown,2
itUBgCTchZDfuhkbpnS4W6,terminal_bench,oh1_terminal_bench_2,oh1_terminal_bench_2,oh1,unknown,2
k9wSRQgHsNiqxkYkpPvnu5,terminal_bench,oh1_terminal_bench_2,oh1_terminal_bench_2,oh1,unknown,2
kt6YG5qNXEeQGba5YTuEZm,terminal_bench,oh1_terminal_bench_2,oh1_terminal_bench_2,oh1,unknown,0
mSPseE3n9QNKtg9BKmqJQW,terminal_bench,oh1_terminal_bench_2,oh1_terminal_bench_2,oh1,unknown,1
mogaK8cnv7K9vvkczQ4PxM,terminal_bench,oh1_terminal_bench_2,oh1_terminal_bench_2,oh1,unknown,0
nqWSnhA8K8ZRbfDFGLKXiR,terminal_bench,oh1_terminal_bench_2,oh1_terminal_bench_2,oh1,unknown,0
nsvKWG3GFFrAk8hyeCzX8n,terminal_bench,oh1_terminal_bench_2,oh1_terminal_bench_2,oh1,unknown,1
oFUwB8hSxgF3UZZsSW3pJ4,terminal_bench,oh1_terminal_bench_2,oh1_terminal_bench_2,oh1,unknown,0
2REPPigj8zSdTH5E8CLj96,terminal_bench,oh2_terminal_bench_2,oh2_terminal_bench_2,oh2,unknown,1
2XjrxR6hSqHrHntybyxwcd,terminal_bench,oh2_terminal_bench_2,oh2_terminal_bench_2,oh2,unknown,0
3zCYn4KXJdSuFZUncYiKAp,terminal_bench,oh2_terminal_bench_2,oh2_terminal_bench_2,oh2,unknown,0
43zBhxDYtve6A6kzL5SuA2,terminal_bench,oh2_terminal_bench_2,oh2_terminal_bench_2,oh2,unknown,0
44DKRTF2dWPpCoKabap2pr,terminal_bench,oh2_terminal_bench_2,oh2_terminal_bench_2,oh2,unknown,0
4Bt298xkt6qs2HYNnkKgFc,terminal_bench,oh2_terminal_bench_2,oh2_terminal_bench_2,oh2,unknown,1
5SWYTXBRV2S8RojkKZdiJg,terminal_bench,oh2_terminal_bench_2,oh2_terminal_bench_2,oh2,unknown,0
5VvHEcrZCBgzSDJT7iq8DG,terminal_bench,oh2_terminal_bench_2,oh2_terminal_bench_2,oh2,unknown,0
6pRZe9hmAyJuRozaA8tATN,terminal_bench,oh2_terminal_bench_2,oh2_terminal_bench_2,oh2,unknown,0
7mmWd4tTP2Ky6CUqJMBhcp,terminal_bench,oh2_terminal_bench_2,oh2_terminal_bench_2,oh2,unknown,0
82BBRvSXkNbveiVhgXD6wz,terminal_bench,oh2_terminal_bench_2,oh2_terminal_bench_2,oh2,unknown,0
8LsEMwXnzXtH4yuRVmctUh,terminal_bench,oh2_terminal_bench_2,oh2_terminal_bench_2,oh2,unknown,0
8ZtMASjy4ZZtcig4GdCKQd,terminal_bench,oh2_terminal_bench_2,oh2_terminal_bench_2,oh2,unknown,0
8gvUh9VuZFgZQYQjgLV45y,terminal_bench,oh2_terminal_bench_2,oh2_terminal_bench_2,oh2,unknown,0
9QvQBwyjB5KfU57WAjzzDG,terminal_bench,oh2_terminal_bench_2,oh2_terminal_bench_2,oh2,unknown,1
9U8hiqzeh3dq3ebpkZqBAB,terminal_bench,oh2_terminal_bench_2,oh2_terminal_bench_2,oh2,unknown,0
9aPzvU9VY54Fwm3veR5DRh,terminal_bench,oh2_terminal_bench_2,oh2_terminal_bench_2,oh2,unknown,0
AAQyTNnxPxNjyAUqgAVXMm,terminal_bench,oh2_terminal_bench_2,oh2_terminal_bench_2,oh2,unknown,0
Av6oTEc8zn4oPYruhtUoYr,terminal_bench,oh2_terminal_bench_2,oh2_terminal_bench_2,oh2,unknown,1
B77matnp4SNbeU5qpy2Fre,terminal_bench,oh2_terminal_bench_2,oh2_terminal_bench_2,oh2,unknown,0
CQLQKhD9bFPJBsAcd7HF8P,terminal_bench,oh2_terminal_bench_2,oh2_terminal_bench_2,oh2,unknown,0
D5tS3xNCW7uj536iRBcmYw,terminal_bench,oh2_terminal_bench_2,oh2_terminal_bench_2,oh2,unknown,0
EqaexmR79MNLACTedqRzVy,terminal_bench,oh2_terminal_bench_2,oh2_terminal_bench_2,oh2,unknown,0
EvMsiVjAd2SuqAjEd53Kuj,terminal_bench,oh2_terminal_bench_2,oh2_terminal_bench_2,oh2,unknown,0
FbmFsWz9DM3yGG3AMqshDE,terminal_bench,oh2_terminal_bench_2,oh2_terminal_bench_2,oh2,unknown,0
Fdk6RkmHK9mSx7YQUg6j6K,terminal_bench,oh2_terminal_bench_2,oh2_terminal_bench_2,oh2,unknown,0
FiNLcpp4YhXAtj4ADPywTv,terminal_bench,oh2_terminal_bench_2,oh2_terminal_bench_2,oh2,unknown,0
FjnYymPayVRmghK2UPqq2f,terminal_bench,oh2_terminal_bench_2,oh2_terminal_bench_2,oh2,unknown,1
G2hr8rzDepVGBsufbaaHdi,terminal_bench,oh2_terminal_bench_2,oh2_terminal_bench_2,oh2,unknown,0
GB4HeA4ZMXZhAV6Q9J957v,terminal_bench,oh2_terminal_bench_2,oh2_terminal_bench_2,oh2,unknown,0
HX6giSKq988yrMRynZWRtj,terminal_bench,oh2_terminal_bench_2,oh2_terminal_bench_2,oh2,unknown,0
HnBoE2YJAPR6mBwpMcoyQ2,terminal_bench,oh2_terminal_bench_2,oh2_terminal_bench_2,oh2,unknown,0
HqNNawudgGjFdLHD575PoP,terminal_bench,oh2_terminal_bench_2,oh2_terminal_bench_2,oh2,unknown,0
Hrdxv6Pd7cdiUZoQNKMs56,terminal_bench,oh2_terminal_bench_2,oh2_terminal_bench_2,oh2,unknown,0
Jo3HdhC7bb9smGGBwgd4AX,terminal_bench,oh2_terminal_bench_2,oh2_terminal_bench_2,oh2,unknown,0
Jvhy4yvYFnXpzq22eiLAz3,terminal_bench,oh2_terminal_bench_2,oh2_terminal_bench_2,oh2,unknown,0
KdM3yAsUziA5qhxYqKc6QJ,terminal_bench,oh2_terminal_bench_2,oh2_terminal_bench_2,oh2,unknown,0
LJVgNvBgJhrGgTw5zYtX2H,terminal_bench,oh2_terminal_bench_2,oh2_terminal_bench_2,oh2,unknown,1
LLsB47KWuE3jXW84eWVfiU,terminal_bench,oh2_terminal_bench_2,oh2_terminal_bench_2,oh2,unknown,0
P2QvmKPYnyL7JxDkfkTPmM,terminal_bench,oh2_terminal_bench_2,oh2_terminal_bench_2,oh2,unknown,0
P3UCjG9j4gUp4ZqBAcXJLv,terminal_bench,oh2_terminal_bench_2,oh2_terminal_bench_2,oh2,unknown,0
P6gxLnzPSWx2oSZDSidYSj,terminal_bench,oh2_terminal_bench_2,oh2_terminal_bench_2,oh2,unknown,0
PmsHnMtpPxXp4Y8KFDn7xY,terminal_bench,oh2_terminal_bench_2,oh2_terminal_bench_2,oh2,unknown,0
QMpBZHpcaKchqDkw7dBwMJ,terminal_bench,oh2_terminal_bench_2,oh2_terminal_bench_2,oh2,unknown,0
Qqq6ZvhbY7NLFgzgTtj7Mj,terminal_bench,oh2_terminal_bench_2,oh2_terminal_bench_2,oh2,unknown,0
QxatjrDPf5EiAGARkipVEk,terminal_bench,oh2_terminal_bench_2,oh2_terminal_bench_2,oh2,unknown,0
Rexw8UYNQGoebX4WuSXXS7,terminal_bench,oh2_terminal_bench_2,oh2_terminal_bench_2,oh2,unknown,0
S2tVzn8vqErtp6GJgjcVgN,terminal_bench,oh2_terminal_bench_2,oh2_terminal_bench_2,oh2,unknown,0
T35iJnSxXKMMaQf9z6VoYz,terminal_bench,oh2_terminal_bench_2,oh2_terminal_bench_2,oh2,unknown,0
TYzRtcxBaD3esNXP6Xvvc4,terminal_bench,oh2_terminal_bench_2,oh2_terminal_bench_2,oh2,unknown,0
U5AkThwsTLNzWcCqSkZk5N,terminal_bench,oh2_terminal_bench_2,oh2_terminal_bench_2,oh2,unknown,0
UhN7JncUAckpjLNERqZbQp,terminal_bench,oh2_terminal_bench_2,oh2_terminal_bench_2,oh2,unknown,0
UpSd4X9fypB3tMz3czTFfD,terminal_bench,oh2_terminal_bench_2,oh2_terminal_bench_2,oh2,unknown,0
WdwW927jMQyYmVLxTbevs4,terminal_bench,oh2_terminal_bench_2,oh2_terminal_bench_2,oh2,unknown,0
XHPtVbZ8L47uc2y7pfxLsE,terminal_bench,oh2_terminal_bench_2,oh2_terminal_bench_2,oh2,unknown,0
Xd7Jq6vpYkgQv5UVEjCGWN,terminal_bench,oh2_terminal_bench_2,oh2_terminal_bench_2,oh2,unknown,0
Y87HyZt5KJkLwBcU9QbStd,terminal_bench,oh2_terminal_bench_2,oh2_terminal_bench_2,oh2,unknown,0
YK2wFhDgceqAZKRAQrQpsS,terminal_bench,oh2_terminal_bench_2,oh2_terminal_bench_2,oh2,unknown,0
YLqjjyrtZ92bqXzfU7KxFR,terminal_bench,oh2_terminal_bench_2,oh2_terminal_bench_2,oh2,unknown,0
YaADwjNs8HcPP2D4LWFRNn,terminal_bench,oh2_terminal_bench_2,oh2_terminal_bench_2,oh2,unknown,0
YkmcM2SUKW9bLaHYh5LXkh,terminal_bench,oh2_terminal_bench_2,oh2_terminal_bench_2,oh2,unknown,0
ZceP4hiuaVaSyP8WauaBUk,terminal_bench,oh2_terminal_bench_2,oh2_terminal_bench_2,oh2,unknown,0
aeWy2bEnhVaFd8Hadat79D,terminal_bench,oh2_terminal_bench_2,oh2_terminal_bench_2,oh2,unknown,0
au57SketuRyThywM9g5Jdi,terminal_bench,oh2_terminal_bench_2,oh2_terminal_bench_2,oh2,unknown,0
bKLFCLG9HX8heZgX2RGx3S,terminal_bench,oh2_terminal_bench_2,oh2_terminal_bench_2,oh2,unknown,0
bV2p6jQ4azFgXTWUo4QdN4,terminal_bench,oh2_terminal_bench_2,oh2_terminal_bench_2,oh2,unknown,0
baZq7xWDZNBmAafiFn6B7S,terminal_bench,oh2_terminal_bench_2,oh2_terminal_bench_2,oh2,unknown,0
cxN8thjKoqc8GmKq4YJaQA,terminal_bench,oh2_terminal_bench_2,oh2_terminal_bench_2,oh2,unknown,0
dH2uTa8FpaYF8WXUN2RGfu,terminal_bench,oh2_terminal_bench_2,oh2_terminal_bench_2,oh2,unknown,0
dodqqed6m8Q5cUwgW4J38u,terminal_bench,oh2_terminal_bench_2,oh2_terminal_bench_2,oh2,unknown,0
e8o9cHPQDYbTJTSdjEEgZz,terminal_bench,oh2_terminal_bench_2,oh2_terminal_bench_2,oh2,unknown,0
f3QhB7zQWcoj55fr7wb2oK,terminal_bench,oh2_terminal_bench_2,oh2_terminal_bench_2,oh2,unknown,0
g8W3FPdMKdPVLaDXNfzbtR,terminal_bench,oh2_terminal_bench_2,oh2_terminal_bench_2,oh2,unknown,0
h6xMefwv2BiVwKzYumJKPw,terminal_bench,oh2_terminal_bench_2,oh2_terminal_bench_2,oh2,unknown,0
hsXHt5DYFp4qnvVrkPP6Zo,terminal_bench,oh2_terminal_bench_2,oh2_terminal_bench_2,oh2,unknown,0
idCrRdarB34zhpZLpTiNyy,terminal_bench,oh2_terminal_bench_2,oh2_terminal_bench_2,oh2,unknown,0
itUBgCTchZDfuhkbpnS4W6,terminal_bench,oh2_terminal_bench_2,oh2_terminal_bench_2,oh2,unknown,0
k9wSRQgHsNiqxkYkpPvnu5,terminal_bench,oh2_terminal_bench_2,oh2_terminal_bench_2,oh2,unknown,0
kt6YG5qNXEeQGba5YTuEZm,terminal_bench,oh2_terminal_bench_2,oh2_terminal_bench_2,oh2,unknown,0
mSPseE3n9QNKtg9BKmqJQW,terminal_bench,oh2_terminal_bench_2,oh2_terminal_bench_2,oh2,unknown,0
mogaK8cnv7K9vvkczQ4PxM,terminal_bench,oh2_terminal_bench_2,oh2_terminal_bench_2,oh2,unknown,0
nqWSnhA8K8ZRbfDFGLKXiR,terminal_bench,oh2_terminal_bench_2,oh2_terminal_bench_2,oh2,unknown,0
nsvKWG3GFFrAk8hyeCzX8n,terminal_bench,oh2_terminal_bench_2,oh2_terminal_bench_2,oh2,unknown,0
oFUwB8hSxgF3UZZsSW3pJ4,terminal_bench,oh2_terminal_bench_2,oh2_terminal_bench_2,oh2,unknown,0
2REPPigj8zSdTH5E8CLj96,terminal_bench,t2_terminal_bench_2,t2_terminal_bench_2,t2,unknown,0
2XjrxR6hSqHrHntybyxwcd,terminal_bench,t2_terminal_bench_2,t2_terminal_bench_2,t2,unknown,0
3zCYn4KXJdSuFZUncYiKAp,terminal_bench,t2_terminal_bench_2,t2_terminal_bench_2,t2,unknown,0
43zBhxDYtve6A6kzL5SuA2,terminal_bench,t2_terminal_bench_2,t2_terminal_bench_2,t2,unknown,0
44DKRTF2dWPpCoKabap2pr,terminal_bench,t2_terminal_bench_2,t2_terminal_bench_2,t2,unknown,0
4Bt298xkt6qs2HYNnkKgFc,terminal_bench,t2_terminal_bench_2,t2_terminal_bench_2,t2,unknown,0
5SWYTXBRV2S8RojkKZdiJg,terminal_bench,t2_terminal_bench_2,t2_terminal_bench_2,t2,unknown,2
5VvHEcrZCBgzSDJT7iq8DG,terminal_bench,t2_terminal_bench_2,t2_terminal_bench_2,t2,unknown,0
6pRZe9hmAyJuRozaA8tATN,terminal_bench,t2_terminal_bench_2,t2_terminal_bench_2,t2,unknown,0
7mmWd4tTP2Ky6CUqJMBhcp,terminal_bench,t2_terminal_bench_2,t2_terminal_bench_2,t2,unknown,0
82BBRvSXkNbveiVhgXD6wz,terminal_bench,t2_terminal_bench_2,t2_terminal_bench_2,t2,unknown,0
8LsEMwXnzXtH4yuRVmctUh,terminal_bench,t2_terminal_bench_2,t2_terminal_bench_2,t2,unknown,0
8ZtMASjy4ZZtcig4GdCKQd,terminal_bench,t2_terminal_bench_2,t2_terminal_bench_2,t2,unknown,0
8gvUh9VuZFgZQYQjgLV45y,terminal_bench,t2_terminal_bench_2,t2_terminal_bench_2,t2,unknown,0
9QvQBwyjB5KfU57WAjzzDG,terminal_bench,t2_terminal_bench_2,t2_terminal_bench_2,t2,unknown,0
9U8hiqzeh3dq3ebpkZqBAB,terminal_bench,t2_terminal_bench_2,t2_terminal_bench_2,t2,unknown,0
9aPzvU9VY54Fwm3veR5DRh,terminal_bench,t2_terminal_bench_2,t2_terminal_bench_2,t2,unknown,0
AAQyTNnxPxNjyAUqgAVXMm,terminal_bench,t2_terminal_bench_2,t2_terminal_bench_2,t2,unknown,0
Av6oTEc8zn4oPYruhtUoYr,terminal_bench,t2_terminal_bench_2,t2_terminal_bench_2,t2,unknown,0
B77matnp4SNbeU5qpy2Fre,terminal_bench,t2_terminal_bench_2,t2_terminal_bench_2,t2,unknown,0
CQLQKhD9bFPJBsAcd7HF8P,terminal_bench,t2_terminal_bench_2,t2_terminal_bench_2,t2,unknown,0
D5tS3xNCW7uj536iRBcmYw,terminal_bench,t2_terminal_bench_2,t2_terminal_bench_2,t2,unknown,0
EqaexmR79MNLACTedqRzVy,terminal_bench,t2_terminal_bench_2,t2_terminal_bench_2,t2,unknown,0
EvMsiVjAd2SuqAjEd53Kuj,terminal_bench,t2_terminal_bench_2,t2_terminal_bench_2,t2,unknown,2
FbmFsWz9DM3yGG3AMqshDE,terminal_bench,t2_terminal_bench_2,t2_terminal_bench_2,t2,unknown,0
Fdk6RkmHK9mSx7YQUg6j6K,terminal_bench,t2_terminal_bench_2,t2_terminal_bench_2,t2,unknown,0
FiNLcpp4YhXAtj4ADPywTv,terminal_bench,t2_terminal_bench_2,t2_terminal_bench_2,t2,unknown,2
FjnYymPayVRmghK2UPqq2f,terminal_bench,t2_terminal_bench_2,t2_terminal_bench_2,t2,unknown,0
G2hr8rzDepVGBsufbaaHdi,terminal_bench,t2_terminal_bench_2,t2_terminal_bench_2,t2,unknown,0
GB4HeA4ZMXZhAV6Q9J957v,terminal_bench,t2_terminal_bench_2,t2_terminal_bench_2,t2,unknown,0
HX6giSKq988yrMRynZWRtj,terminal_bench,t2_terminal_bench_2,t2_terminal_bench_2,t2,unknown,0
HnBoE2YJAPR6mBwpMcoyQ2,terminal_bench,t2_terminal_bench_2,t2_terminal_bench_2,t2,unknown,0
HqNNawudgGjFdLHD575PoP,terminal_bench,t2_terminal_bench_2,t2_terminal_bench_2,t2,unknown,0
Hrdxv6Pd7cdiUZoQNKMs56,terminal_bench,t2_terminal_bench_2,t2_terminal_bench_2,t2,unknown,0
Jo3HdhC7bb9smGGBwgd4AX,terminal_bench,t2_terminal_bench_2,t2_terminal_bench_2,t2,unknown,0
Jvhy4yvYFnXpzq22eiLAz3,terminal_bench,t2_terminal_bench_2,t2_terminal_bench_2,t2,unknown,0
KdM3yAsUziA5qhxYqKc6QJ,terminal_bench,t2_terminal_bench_2,t2_terminal_bench_2,t2,unknown,0
LJVgNvBgJhrGgTw5zYtX2H,terminal_bench,t2_terminal_bench_2,t2_terminal_bench_2,t2,unknown,0
LLsB47KWuE3jXW84eWVfiU,terminal_bench,t2_terminal_bench_2,t2_terminal_bench_2,t2,unknown,0
P2QvmKPYnyL7JxDkfkTPmM,terminal_bench,t2_terminal_bench_2,t2_terminal_bench_2,t2,unknown,0
P3UCjG9j4gUp4ZqBAcXJLv,terminal_bench,t2_terminal_bench_2,t2_terminal_bench_2,t2,unknown,0
P6gxLnzPSWx2oSZDSidYSj,terminal_bench,t2_terminal_bench_2,t2_terminal_bench_2,t2,unknown,0
PmsHnMtpPxXp4Y8KFDn7xY,terminal_bench,t2_terminal_bench_2,t2_terminal_bench_2,t2,unknown,2
QMpBZHpcaKchqDkw7dBwMJ,terminal_bench,t2_terminal_bench_2,t2_terminal_bench_2,t2,unknown,0
Qqq6ZvhbY7NLFgzgTtj7Mj,terminal_bench,t2_terminal_bench_2,t2_terminal_bench_2,t2,unknown,0
QxatjrDPf5EiAGARkipVEk,terminal_bench,t2_terminal_bench_2,t2_terminal_bench_2,t2,unknown,0
Rexw8UYNQGoebX4WuSXXS7,terminal_bench,t2_terminal_bench_2,t2_terminal_bench_2,t2,unknown,0
S2tVzn8vqErtp6GJgjcVgN,terminal_bench,t2_terminal_bench_2,t2_terminal_bench_2,t2,unknown,0
T35iJnSxXKMMaQf9z6VoYz,terminal_bench,t2_terminal_bench_2,t2_terminal_bench_2,t2,unknown,0
TYzRtcxBaD3esNXP6Xvvc4,terminal_bench,t2_terminal_bench_2,t2_terminal_bench_2,t2,unknown,0
U5AkThwsTLNzWcCqSkZk5N,terminal_bench,t2_terminal_bench_2,t2_terminal_bench_2,t2,unknown,0
UhN7JncUAckpjLNERqZbQp,terminal_bench,t2_terminal_bench_2,t2_terminal_bench_2,t2,unknown,0
UpSd4X9fypB3tMz3czTFfD,terminal_bench,t2_terminal_bench_2,t2_terminal_bench_2,t2,unknown,0
WdwW927jMQyYmVLxTbevs4,terminal_bench,t2_terminal_bench_2,t2_terminal_bench_2,t2,unknown,0
XHPtVbZ8L47uc2y7pfxLsE,terminal_bench,t2_terminal_bench_2,t2_terminal_bench_2,t2,unknown,0
Xd7Jq6vpYkgQv5UVEjCGWN,terminal_bench,t2_terminal_bench_2,t2_terminal_bench_2,t2,unknown,0
Y87HyZt5KJkLwBcU9QbStd,terminal_bench,t2_terminal_bench_2,t2_terminal_bench_2,t2,unknown,0
YK2wFhDgceqAZKRAQrQpsS,terminal_bench,t2_terminal_bench_2,t2_terminal_bench_2,t2,unknown,0
YLqjjyrtZ92bqXzfU7KxFR,terminal_bench,t2_terminal_bench_2,t2_terminal_bench_2,t2,unknown,0
YaADwjNs8HcPP2D4LWFRNn,terminal_bench,t2_terminal_bench_2,t2_terminal_bench_2,t2,unknown,0
YkmcM2SUKW9bLaHYh5LXkh,terminal_bench,t2_terminal_bench_2,t2_terminal_bench_2,t2,unknown,0
ZceP4hiuaVaSyP8WauaBUk,terminal_bench,t2_terminal_bench_2,t2_terminal_bench_2,t2,unknown,0
aeWy2bEnhVaFd8Hadat79D,terminal_bench,t2_terminal_bench_2,t2_terminal_bench_2,t2,unknown,0
au57SketuRyThywM9g5Jdi,terminal_bench,t2_terminal_bench_2,t2_terminal_bench_2,t2,unknown,0
bKLFCLG9HX8heZgX2RGx3S,terminal_bench,t2_terminal_bench_2,t2_terminal_bench_2,t2,unknown,0
bV2p6jQ4azFgXTWUo4QdN4,terminal_bench,t2_terminal_bench_2,t2_terminal_bench_2,t2,unknown,0
baZq7xWDZNBmAafiFn6B7S,terminal_bench,t2_terminal_bench_2,t2_terminal_bench_2,t2,unknown,0
cxN8thjKoqc8GmKq4YJaQA,terminal_bench,t2_terminal_bench_2,t2_terminal_bench_2,t2,unknown,0
dH2uTa8FpaYF8WXUN2RGfu,terminal_bench,t2_terminal_bench_2,t2_terminal_bench_2,t2,unknown,0
dodqqed6m8Q5cUwgW4J38u,terminal_bench,t2_terminal_bench_2,t2_terminal_bench_2,t2,unknown,0
e8o9cHPQDYbTJTSdjEEgZz,terminal_bench,t2_terminal_bench_2,t2_terminal_bench_2,t2,unknown,0
f3QhB7zQWcoj55fr7wb2oK,terminal_bench,t2_terminal_bench_2,t2_terminal_bench_2,t2,unknown,0
g8W3FPdMKdPVLaDXNfzbtR,terminal_bench,t2_terminal_bench_2,t2_terminal_bench_2,t2,unknown,0
h6xMefwv2BiVwKzYumJKPw,terminal_bench,t2_terminal_bench_2,t2_terminal_bench_2,t2,unknown,0
hsXHt5DYFp4qnvVrkPP6Zo,terminal_bench,t2_terminal_bench_2,t2_terminal_bench_2,t2,unknown,0
idCrRdarB34zhpZLpTiNyy,terminal_bench,t2_terminal_bench_2,t2_terminal_bench_2,t2,unknown,0
itUBgCTchZDfuhkbpnS4W6,terminal_bench,t2_terminal_bench_2,t2_terminal_bench_2,t2,unknown,0
k9wSRQgHsNiqxkYkpPvnu5,terminal_bench,t2_terminal_bench_2,t2_terminal_bench_2,t2,unknown,0
mSPseE3n9QNKtg9BKmqJQW,terminal_bench,t2_terminal_bench_2,t2_terminal_bench_2,t2,unknown,0
mogaK8cnv7K9vvkczQ4PxM,terminal_bench,t2_terminal_bench_2,t2_terminal_bench_2,t2,unknown,0
nqWSnhA8K8ZRbfDFGLKXiR,terminal_bench,t2_terminal_bench_2,t2_terminal_bench_2,t2,unknown,0
nsvKWG3GFFrAk8hyeCzX8n,terminal_bench,t2_terminal_bench_2,t2_terminal_bench_2,t2,unknown,0
oFUwB8hSxgF3UZZsSW3pJ4,terminal_bench,t2_terminal_bench_2,t2_terminal_bench_2,t2,unknown,0
kt6YG5qNXEeQGba5YTuEZm,terminal_bench,t2_terminal_bench_2,t2_terminal_bench_2,t2,unknown,0
2REPPigj8zSdTH5E8CLj96,terminal_bench,t5_terminal_bench_2,t5_terminal_bench_2,t5,unknown,0
2XjrxR6hSqHrHntybyxwcd,terminal_bench,t5_terminal_bench_2,t5_terminal_bench_2,t5,unknown,0
3zCYn4KXJdSuFZUncYiKAp,terminal_bench,t5_terminal_bench_2,t5_terminal_bench_2,t5,unknown,0
43zBhxDYtve6A6kzL5SuA2,terminal_bench,t5_terminal_bench_2,t5_terminal_bench_2,t5,unknown,0
44DKRTF2dWPpCoKabap2pr,terminal_bench,t5_terminal_bench_2,t5_terminal_bench_2,t5,unknown,0
4Bt298xkt6qs2HYNnkKgFc,terminal_bench,t5_terminal_bench_2,t5_terminal_bench_2,t5,unknown,0
5SWYTXBRV2S8RojkKZdiJg,terminal_bench,t5_terminal_bench_2,t5_terminal_bench_2,t5,unknown,0
5VvHEcrZCBgzSDJT7iq8DG,terminal_bench,t5_terminal_bench_2,t5_terminal_bench_2,t5,unknown,0
6pRZe9hmAyJuRozaA8tATN,terminal_bench,t5_terminal_bench_2,t5_terminal_bench_2,t5,unknown,0
7mmWd4tTP2Ky6CUqJMBhcp,terminal_bench,t5_terminal_bench_2,t5_terminal_bench_2,t5,unknown,0
82BBRvSXkNbveiVhgXD6wz,terminal_bench,t5_terminal_bench_2,t5_terminal_bench_2,t5,unknown,0
8LsEMwXnzXtH4yuRVmctUh,terminal_bench,t5_terminal_bench_2,t5_terminal_bench_2,t5,unknown,1
8ZtMASjy4ZZtcig4GdCKQd,terminal_bench,t5_terminal_bench_2,t5_terminal_bench_2,t5,unknown,0
8gvUh9VuZFgZQYQjgLV45y,terminal_bench,t5_terminal_bench_2,t5_terminal_bench_2,t5,unknown,0
9U8hiqzeh3dq3ebpkZqBAB,terminal_bench,t5_terminal_bench_2,t5_terminal_bench_2,t5,unknown,0
9aPzvU9VY54Fwm3veR5DRh,terminal_bench,t5_terminal_bench_2,t5_terminal_bench_2,t5,unknown,0
AAQyTNnxPxNjyAUqgAVXMm,terminal_bench,t5_terminal_bench_2,t5_terminal_bench_2,t5,unknown,0
Av6oTEc8zn4oPYruhtUoYr,terminal_bench,t5_terminal_bench_2,t5_terminal_bench_2,t5,unknown,0
B77matnp4SNbeU5qpy2Fre,terminal_bench,t5_terminal_bench_2,t5_terminal_bench_2,t5,unknown,0
CQLQKhD9bFPJBsAcd7HF8P,terminal_bench,t5_terminal_bench_2,t5_terminal_bench_2,t5,unknown,0
D5tS3xNCW7uj536iRBcmYw,terminal_bench,t5_terminal_bench_2,t5_terminal_bench_2,t5,unknown,0
EqaexmR79MNLACTedqRzVy,terminal_bench,t5_terminal_bench_2,t5_terminal_bench_2,t5,unknown,0
EvMsiVjAd2SuqAjEd53Kuj,terminal_bench,t5_terminal_bench_2,t5_terminal_bench_2,t5,unknown,0
FbmFsWz9DM3yGG3AMqshDE,terminal_bench,t5_terminal_bench_2,t5_terminal_bench_2,t5,unknown,0
Fdk6RkmHK9mSx7YQUg6j6K,terminal_bench,t5_terminal_bench_2,t5_terminal_bench_2,t5,unknown,0
FiNLcpp4YhXAtj4ADPywTv,terminal_bench,t5_terminal_bench_2,t5_terminal_bench_2,t5,unknown,0
FjnYymPayVRmghK2UPqq2f,terminal_bench,t5_terminal_bench_2,t5_terminal_bench_2,t5,unknown,1
G2hr8rzDepVGBsufbaaHdi,terminal_bench,t5_terminal_bench_2,t5_terminal_bench_2,t5,unknown,0
GB4HeA4ZMXZhAV6Q9J957v,terminal_bench,t5_terminal_bench_2,t5_terminal_bench_2,t5,unknown,0
HX6giSKq988yrMRynZWRtj,terminal_bench,t5_terminal_bench_2,t5_terminal_bench_2,t5,unknown,0
HnBoE2YJAPR6mBwpMcoyQ2,terminal_bench,t5_terminal_bench_2,t5_terminal_bench_2,t5,unknown,0
HqNNawudgGjFdLHD575PoP,terminal_bench,t5_terminal_bench_2,t5_terminal_bench_2,t5,unknown,0
Hrdxv6Pd7cdiUZoQNKMs56,terminal_bench,t5_terminal_bench_2,t5_terminal_bench_2,t5,unknown,0
Jo3HdhC7bb9smGGBwgd4AX,terminal_bench,t5_terminal_bench_2,t5_terminal_bench_2,t5,unknown,0
Jvhy4yvYFnXpzq22eiLAz3,terminal_bench,t5_terminal_bench_2,t5_terminal_bench_2,t5,unknown,0
KdM3yAsUziA5qhxYqKc6QJ,terminal_bench,t5_terminal_bench_2,t5_terminal_bench_2,t5,unknown,0
LJVgNvBgJhrGgTw5zYtX2H,terminal_bench,t5_terminal_bench_2,t5_terminal_bench_2,t5,unknown,0
P2QvmKPYnyL7JxDkfkTPmM,terminal_bench,t5_terminal_bench_2,t5_terminal_bench_2,t5,unknown,0
P3UCjG9j4gUp4ZqBAcXJLv,terminal_bench,t5_terminal_bench_2,t5_terminal_bench_2,t5,unknown,0
P6gxLnzPSWx2oSZDSidYSj,terminal_bench,t5_terminal_bench_2,t5_terminal_bench_2,t5,unknown,0
PmsHnMtpPxXp4Y8KFDn7xY,terminal_bench,t5_terminal_bench_2,t5_terminal_bench_2,t5,unknown,0
QMpBZHpcaKchqDkw7dBwMJ,terminal_bench,t5_terminal_bench_2,t5_terminal_bench_2,t5,unknown,0
Qqq6ZvhbY7NLFgzgTtj7Mj,terminal_bench,t5_terminal_bench_2,t5_terminal_bench_2,t5,unknown,2
QxatjrDPf5EiAGARkipVEk,terminal_bench,t5_terminal_bench_2,t5_terminal_bench_2,t5,unknown,0
Rexw8UYNQGoebX4WuSXXS7,terminal_bench,t5_terminal_bench_2,t5_terminal_bench_2,t5,unknown,0
S2tVzn8vqErtp6GJgjcVgN,terminal_bench,t5_terminal_bench_2,t5_terminal_bench_2,t5,unknown,0
T35iJnSxXKMMaQf9z6VoYz,terminal_bench,t5_terminal_bench_2,t5_terminal_bench_2,t5,unknown,0
TYzRtcxBaD3esNXP6Xvvc4,terminal_bench,t5_terminal_bench_2,t5_terminal_bench_2,t5,unknown,0
U5AkThwsTLNzWcCqSkZk5N,terminal_bench,t5_terminal_bench_2,t5_terminal_bench_2,t5,unknown,0
UhN7JncUAckpjLNERqZbQp,terminal_bench,t5_terminal_bench_2,t5_terminal_bench_2,t5,unknown,0
UpSd4X9fypB3tMz3czTFfD,terminal_bench,t5_terminal_bench_2,t5_terminal_bench_2,t5,unknown,1
WdwW927jMQyYmVLxTbevs4,terminal_bench,t5_terminal_bench_2,t5_terminal_bench_2,t5,unknown,0
XHPtVbZ8L47uc2y7pfxLsE,terminal_bench,t5_terminal_bench_2,t5_terminal_bench_2,t5,unknown,0
Xd7Jq6vpYkgQv5UVEjCGWN,terminal_bench,t5_terminal_bench_2,t5_terminal_bench_2,t5,unknown,0
Y87HyZt5KJkLwBcU9QbStd,terminal_bench,t5_terminal_bench_2,t5_terminal_bench_2,t5,unknown,0
YK2wFhDgceqAZKRAQrQpsS,terminal_bench,t5_terminal_bench_2,t5_terminal_bench_2,t5,unknown,0
YLqjjyrtZ92bqXzfU7KxFR,terminal_bench,t5_terminal_bench_2,t5_terminal_bench_2,t5,unknown,0
YaADwjNs8HcPP2D4LWFRNn,terminal_bench,t5_terminal_bench_2,t5_terminal_bench_2,t5,unknown,0
YkmcM2SUKW9bLaHYh5LXkh,terminal_bench,t5_terminal_bench_2,t5_terminal_bench_2,t5,unknown,0
ZceP4hiuaVaSyP8WauaBUk,terminal_bench,t5_terminal_bench_2,t5_terminal_bench_2,t5,unknown,0
aeWy2bEnhVaFd8Hadat79D,terminal_bench,t5_terminal_bench_2,t5_terminal_bench_2,t5,unknown,0
au57SketuRyThywM9g5Jdi,terminal_bench,t5_terminal_bench_2,t5_terminal_bench_2,t5,unknown,0
bKLFCLG9HX8heZgX2RGx3S,terminal_bench,t5_terminal_bench_2,t5_terminal_bench_2,t5,unknown,0
bV2p6jQ4azFgXTWUo4QdN4,terminal_bench,t5_terminal_bench_2,t5_terminal_bench_2,t5,unknown,0
baZq7xWDZNBmAafiFn6B7S,terminal_bench,t5_terminal_bench_2,t5_terminal_bench_2,t5,unknown,0
dH2uTa8FpaYF8WXUN2RGfu,terminal_bench,t5_terminal_bench_2,t5_terminal_bench_2,t5,unknown,0
dodqqed6m8Q5cUwgW4J38u,terminal_bench,t5_terminal_bench_2,t5_terminal_bench_2,t5,unknown,1
e8o9cHPQDYbTJTSdjEEgZz,terminal_bench,t5_terminal_bench_2,t5_terminal_bench_2,t5,unknown,0
cxN8thjKoqc8GmKq4YJaQA,terminal_bench,t5_terminal_bench_2,t5_terminal_bench_2,t5,unknown,2
f3QhB7zQWcoj55fr7wb2oK,terminal_bench,t5_terminal_bench_2,t5_terminal_bench_2,t5,unknown,0
g8W3FPdMKdPVLaDXNfzbtR,terminal_bench,t5_terminal_bench_2,t5_terminal_bench_2,t5,unknown,0
h6xMefwv2BiVwKzYumJKPw,terminal_bench,t5_terminal_bench_2,t5_terminal_bench_2,t5,unknown,0
hsXHt5DYFp4qnvVrkPP6Zo,terminal_bench,t5_terminal_bench_2,t5_terminal_bench_2,t5,unknown,0
idCrRdarB34zhpZLpTiNyy,terminal_bench,t5_terminal_bench_2,t5_terminal_bench_2,t5,unknown,0
itUBgCTchZDfuhkbpnS4W6,terminal_bench,t5_terminal_bench_2,t5_terminal_bench_2,t5,unknown,0
k9wSRQgHsNiqxkYkpPvnu5,terminal_bench,t5_terminal_bench_2,t5_terminal_bench_2,t5,unknown,0
kt6YG5qNXEeQGba5YTuEZm,terminal_bench,t5_terminal_bench_2,t5_terminal_bench_2,t5,unknown,0
mSPseE3n9QNKtg9BKmqJQW,terminal_bench,t5_terminal_bench_2,t5_terminal_bench_2,t5,unknown,0
mogaK8cnv7K9vvkczQ4PxM,terminal_bench,t5_terminal_bench_2,t5_terminal_bench_2,t5,unknown,0
nqWSnhA8K8ZRbfDFGLKXiR,terminal_bench,t5_terminal_bench_2,t5_terminal_bench_2,t5,unknown,0
nsvKWG3GFFrAk8hyeCzX8n,terminal_bench,t5_terminal_bench_2,t5_terminal_bench_2,t5,unknown,0
oFUwB8hSxgF3UZZsSW3pJ4,terminal_bench,t5_terminal_bench_2,t5_terminal_bench_2,t5,unknown,0
9QvQBwyjB5KfU57WAjzzDG,terminal_bench,t5_terminal_bench_2,t5_terminal_bench_2,t5,unknown,0
LLsB47KWuE3jXW84eWVfiU,terminal_bench,t5_terminal_bench_2,t5_terminal_bench_2,t5,unknown,0
